gigaChad3852,Jun 20 2015,Oct 28 2025,0,0,1,0,0,0,0,0,0,0,#BDD754
Bravo7016,Jan 14 2021,Jun 16 2025,1,10,1,0,0,0,0,0,0,0,#93D0B6
Charlie_,Dec 09 2019,Aug 19 2020,0,3,1,0,0,0,0,0,0,0,#F5EBC5
BenDover9174,Jan 24 2019,Feb 16 2024,0,10,1,0,0,0,0,0,0,0,#70DFB2
Echo5465_,Dec 30 2015,May 02 2025,0,7,1,0,0,0,0,0,0,19,#9AA3F8
anygifter2348,Jun 12 2024,Aug 20 2025,0,7,1,0,0,0,0,0,0,53,#EC5BFF
ToyotaCorolla2015,Mar 23 2022,Nov 22 2023,0,12,1,0,0,0,0,0,0,0,#93F2B5
Hotel,Apr 23 2020,Feb 03 2025,1,4,1,0,0,0,0,0,0,0,#80DF65
Storm7598,Oct 24 2014,May 06 2021,0,11,1,0,0,0,0,0,0,0,#0BFCBA
India2647,Sep 04 2011,Oct 20 2020,0,5,1,0,1,0,0,0,0,0,#FC9AFA
Juliet9344,Nov 12 2018,Aug 08 2024,0,10,1,0,0,0,0,0,0,86,#B46AD4
Kilo4397,Apr 17 2019,Sep 27 2020,0,4,1,0,0,0,0,0,0,0,#E5BE53
Ligma1800,Jul 16 2013,Oct 27 2022,0,0,1,0,0,0,0,0,0,0,#FF26DD
Mike9826,Nov 27 2020,Mar 05 2023,0,11,1,0,0,0,0,0,0,0,#B2B094
Sigmal599,May 28 2012,Nov 04 2024,0,0,1,0,0,0,0,0,0,35,#8D66EC
yourmom9548,Apr 15 2019,May 21 2020,0,9,1,0,0,0,0,0,0,11,#96DBEC
Papa_,Nov 27 2019,Feb 02 2024,0,2,1,0,0,0,0,0,0,62,#96E1E9
Sapphire542,Sep 20 2019,Jul 08 2025,1,5,1,0,0,0,0,0,0,0,#5F9FB5
Quebec9138_,Jun 28 2021,Jul 13 2023,0,10,1,0,0,0,0,0,0,0,#8A8FB3
Romeo472,Jul 22 2020,Aug 02 2024,0,1,1,0,0,0,0,0,0,50,#09E7E9
Sierra1552,Mar 31 2020,Dec 28 2020,1,7,1,0,0,0,0,0,0,0,#BC597F
Tango2574,Dec 02 2022,Jul 10 2025,0,5,1,0,0,0,0,0,0,74,#7B78B3
Uniform,Jul 01 2011,May 10 2024,0,5,1,0,0,0,0,0,0,0,#D25B8F
certifiedLoverBoy4712,Dec 31 2019,Aug 13 2020,0,40,1,0,0,0,0,0,0,0,#57AC91
Whiskey_,Jun 16 2021,Dec 12 2024,0,3,1,0,0,0,0,0,0,0,#98FA14
Aurora,Oct 16 2018,Aug 04 2024,0,9,1,0,0,0,0,0,0,0,#D4C190
Xray,Aug 03 2012,Aug 06 2024,0,10,1,0,0,0,0,0,0,13,#31C6F4
Yankee6948,Jul 08 2011,Apr 17 2024,0,8,1,0,0,1,0,0,0,45,#8CCC61
Zulu95,Feb 19 2013,Aug 26 2020,0,2,1,0,0,0,0,0,0,6,#F082F7
Jeff,Aug 25 2014,Aug 31 2019,0,0,1,0,0,0,0,0,0,30,#5EE8D7
Blaze2363,Aug 06 2015,Jul 02 2025,0,5,1,0,0,0,0,0,0,0,#44E8CE
BenAgain124,Nov 24 2012,Jun 30 2019,0,10,1,1,0,0,0,0,0,5,#F0ABCC
Dusk_,Aug 13 2015,Apr 30 2022,0,7,1,0,0,0,0,0,0,0,#EDB820
Ember663,Dec 14 2011,Nov 27 2021,0,1,1,0,0,0,0,0,0,0,#FB6376
Nova7949,Aug 13 2011,Dec 10 2022,0,8,1,0,0,0,0,0,0,0,#1EE8FB
EchoingFrost,Jan 31 2022,Sep 06 2024,1,12,1,0,0,0,0,0,0,0,#E3EFCB
Glow8114,Feb 24 2013,Jun 23 2019,0,9,1,0,0,0,0,0,0,61,#8341D9
Haze7737,Mar 27 2017,May 24 2022,0,2,1,1,0,0,0,0,0,55,#E2F618
YlongMa3741,Feb 28 2025,Mar 21 2025,0,6,1,0,1,0,0,0,0,0,#B2E83E
Jade7865,Apr 05 2020,May 22 2023,0,0,1,0,0,0,0,0,0,30,#E245E4
JonXina3115_,Jun 13 2017,Sep 17 2021,0,12,2,0,0,0,0,0,0,0,#EAE528
Lunar1962,Jul 14 2015,May 20 2022,0,11,1,0,0,0,0,0,0,84,#B7E6C9
Mystic1030,Jun 01 2017,Jul 29 2019,0,0,1,0,0,0,0,0,0,0,#73C0B7
Shadow2185,Oct 06 2020,Apr 11 2023,0,4,1,0,0,0,0,0,0,0,#4176E3
Nebula_,Sep 20 2015,May 01 2025,0,9,1,0,0,0,0,0,0,0,#73D488
Orbit2285,Jan 09 2012,Feb 17 2021,0,7,1,0,0,0,0,0,0,0,#C8B0A1
USA#1,Jun 22 2018,Jul 24 2019,0,1,1,0,0,0,0,0,0,0,#C755EA
Quasar,Dec 04 2016,Oct 24 2021,1,2,1,0,0,0,0,0,0,0,#E0349A
lfgf_,Apr 10 2023,Sep 18 2023,0,3,1,0,0,0,0,0,1,0,#DDB53D
MaeNgai1976,Sep 06 2014,Jan 01 2022,0,5,1,0,0,0,0,0,0,0,#9B33FC
Twilight3508,Jan 08 2015,Mar 28 2020,0,3,1,0,0,0,0,0,0,82,#7064ED
Stone1430,Jul 05 2020,Oct 13 2023,0,2,1,0,0,0,0,0,0,93,#FD8DBE
Umbra_,Aug 02 2020,Jan 23 2021,0,3,1,0,0,0,0,0,0,4,#8567F8
Vortex_,Apr 20 2013,Aug 07 2021,0,1,1,0,0,0,0,0,0,70,#99CDDF
Wisp8349,Aug 03 2014,Nov 27 2023,0,4,1,0,0,0,0,0,0,0,#2BFB73
Xenon_,Oct 03 2022,Sep 22 2024,1,5,1,0,0,0,0,0,0,0,#964BE8
YOnder1076,Apr 27 2015,Feb 08 2025,0,4,1,0,0,0,0,0,0,0,#5AE16B
River_,Apr 19 2014,Jan 13 2020,0,49,1,0,0,0,0,0,0,0,#6D97BA
Sky4324,Mar 11 2016,Nov 06 2020,1,0,1,0,0,0,0,0,0,0,#DD8DD3
Flame2296,Jun 06 2011,Feb 01 2023,0,6,1,0,0,0,0,0,0,97,#CD58C6
CyberPhoenix5886,Dec 12 2016,Mar 07 2024,0,7,1,0,0,0,0,0,0,79,#EF8AF6
Ovahere1842,Mar 30 2017,Jun 28 2021,0,8,1,0,0,0,0,0,0,0,#78E0C8
Comet,Jun 18 2012,Jan 15 2020,0,3,1,0,1,0,0,0,0,20,#A182AD
t0xic4720,Mar 22 2017,Apr 07 2021,0,5,1,0,0,0,0,0,1,37,#BB13D3
Serenity,Nov 26 2018,Dec 28 2019,0,4,1,0,0,0,0,0,0,0,#6692F0
Horizon3792,Jan 14 2020,Jan 05 2021,0,7,1,0,0,0,0,0,0,0,#5776E6
hatewatcher5124,Dec 15 2017,Aug 02 2022,1,26,1,0,0,0,0,0,0,0,#BBFDA5
NeonNinja,Mar 14 2020,Aug 12 2024,0,7,1,0,0,0,0,0,0,0,#A9EC63
Ash_,Aug 28 2015,Feb 23 2023,1,7,1,0,0,0,0,0,0,0,#DB538A
Luna,May 26 2015,Jun 28 2019,0,2,1,0,0,0,0,0,0,51,#3EC3CF
Solar1018,Feb 28 2017,Jun 07 2021,0,10,1,0,0,0,0,0,0,0,#FF5EF1
Nimbus4189,Feb 06 2020,Apr 04 2024,1,8,1,0,0,0,0,0,0,0,#A27BF8
Akira4365_,Feb 19 2023,Jul 08 2025,0,1,1,0,0,0,0,0,1,0,#F968ED
Summit2149,Sep 24 2020,May 14 2025,0,7,1,0,0,0,0,0,0,0,#A3B7C7
Mirage416,Dec 01 2021,May 26 2024,0,3,1,0,0,0,0,0,0,0,#42FEE7
toky0Difft4666,Nov 28 2021,Jul 05 2023,0,2,1,0,0,0,0,0,0,13,#26B7D5
Velvet1825,Aug 26 2016,Dec 29 2023,0,10,1,0,0,0,0,0,0,0,#B6EDAD
Zephyr1510,Dec 01 2020,Sep 25 2021,0,9,1,0,0,0,0,0,0,0,#08E1BA
Eclipse7340,Oct 18 2015,Nov 27 2020,0,7,1,0,0,0,0,0,1,14,#999F94
Cinder,Jul 30 2012,Mar 09 2021,0,5,1,0,0,0,0,0,0,61,#85D8DA
biashater_,Aug 27 2014,Dec 21 2024,0,3,1,0,0,0,0,0,0,93,#EA9193
IlovePoutine,Nov 22 2015,Feb 20 2020,0,2,1,0,0,0,0,0,0,0,#90B27C
Narr,Oct 25 2022,Aug 13 2024,0,4,1,1,0,0,0,0,0,58,#B6BF2F
Pioneer8609,Dec 13 2017,Jun 12 2025,0,2,1,0,0,0,0,0,0,0,#E99325
Thorn4063_,Jun 14 2025,Jun 18 2025,0,2,1,1,0,0,0,0,0,0,#ABD51D
Cosmos4570,Jul 30 2011,Nov 27 2022,0,5,1,0,0,0,0,0,0,66,#78F487
Radiance,Jan 02 2019,May 19 2020,0,6,1,0,0,0,0,0,0,0,#D44A8D
Voyage7848,Aug 27 2013,Dec 28 2021,1,3,1,0,0,0,0,0,0,22,#EC6A7B
Verdant,Dec 09 2016,Apr 14 2023,0,0,1,0,0,0,0,0,0,0,#F8D4F0
Echoes5077,Sep 22 2020,Dec 02 2022,0,4,1,0,0,0,0,0,0,0,#D225E8
Spectra,Mar 19 2022,Aug 23 2024,0,5,1,0,0,0,0,0,0,55,#A68DA2
Falcon2260,Mar 29 2013,Nov 07 2021,0,1,1,0,0,0,0,0,0,88,#CC27E8
Pulse5642,Dec 29 2015,Nov 19 2022,0,5,1,0,0,0,0,0,0,0,#BEB825
BlazeStorm5670,Jun 01 2020,Oct 18 2025,1,7,1,0,0,0,0,0,0,0,#CC1BEF
HawkTuah3293,May 30 2017,Jul 22 2019,0,8,1,0,0,0,1,0,0,0,#E3FC97
Eden,Dec 31 2020,Jun 25 2022,0,7,1,0,0,0,0,0,0,28,#D9C617
VerduRe8474,Jul 15 2019,Feb 12 2022,0,11,1,0,0,0,0,0,0,12,#A98593
Glint2004,Mar 10 2013,Aug 08 2024,0,12,1,0,0,0,0,0,0,0,#B6B871
Onyx,Dec 20 2020,Sep 21 2021,0,0,1,0,0,0,0,0,0,37,#F4A5A2
Thaemine2303,Sep 29 2019,Feb 01 2022,0,6,1,0,0,0,0,0,0,0,#75B7B8
Halcyon4157,Jul 28 2019,Jan 30 2025,1,1,1,0,0,0,0,0,0,55,#9CB47E
Shard_,Sep 09 2014,Jan 14 2022,0,43,1,0,0,0,0,0,0,0,#9DF307
Garnet5237,Jul 25 2023,Jan 08 2024,1,6,1,0,0,0,0,0,0,0,#C92FA8
myca1834_,May 31 2024,Sep 19 2024,0,7,1,0,0,0,0,0,0,0,#6E60DD
Zenith9006,Aug 02 2019,Oct 22 2023,1,0,1,0,0,0,0,0,0,0,#35D1AB
Haven_,Dec 16 2013,Jan 06 2022,0,3,1,0,0,0,0,0,0,83,#E65AAC
Flare,Mar 26 2025,Nov 23 2025,0,0,1,0,0,0,0,0,0,0,#DCD0B5
Titan2391,Jul 16 2019,Nov 09 2025,0,23,1,0,0,0,0,0,0,0,#71F187
Pri$m7829,Jun 14 2019,May 22 2022,0,10,1,0,0,0,0,0,0,0,#F95E92
ErrorCode4047692,Sep 03 2020,Dec 07 2024,0,0,1,0,0,1,0,0,0,0,#BEC8A7
Velocity,Aug 08 2020,Apr 30 2024,1,0,1,0,0,1,0,0,0,0,#05C3D0
Chroma1944,Jul 06 2011,Oct 15 2022,0,5,1,0,0,0,0,0,0,0,#FEC10C
Meadow,Feb 03 2021,Aug 02 2025,0,1,1,0,0,0,0,0,0,0,#A8AF51
Torrent9001,Jun 26 2015,Dec 13 2019,1,10,1,0,0,0,0,0,0,28,#F29D83
Summers8618_,Dec 28 2013,Mar 14 2022,0,11,1,1,0,0,0,0,0,0,#C974A0
ignoranceisbliss_,Oct 26 2023,Apr 22 2025,0,4,1,0,0,0,0,0,0,0,#B577EA
Thistle_,Jan 09 2022,Feb 12 2024,0,4,1,0,0,0,0,0,0,69,#A8F2D9
Monsoon331,Mar 27 2022,Sep 21 2025,0,3,1,0,0,0,0,0,0,6,#96A3E3
Harbinger,Apr 07 2018,Apr 08 2022,0,1,2,0,0,0,0,0,0,4,#DF06EC
Auroras,Jul 18 2014,Jan 21 2024,0,43,1,0,0,0,0,0,0,0,#B069D3
Comets,Feb 12 2020,Mar 18 2021,0,9,1,0,0,0,0,0,0,0,#88C4C7
Equinox,Nov 19 2016,Oct 25 2023,0,3,1,0,0,0,0,0,0,0,#719999
Stratos9031,Oct 16 2021,Jul 18 2023,0,16,1,0,0,0,0,0,0,68,#B5CF6D
nullLyric6340,Jun 03 2017,Dec 18 2024,1,8,1,0,0,0,0,0,0,56,#DD4CA2
Nomad4052,Apr 27 2022,Oct 03 2022,0,12,1,0,0,0,0,0,0,0,#F4FE14
Emberlight6957,Feb 22 2012,Dec 02 2025,0,10,1,0,0,0,0,0,0,0,#42D7A1
Tens,Oct 20 2012,Jul 31 2024,0,2,1,0,0,0,0,0,0,0,#C874C1
AWOOOL,Jul 22 2011,Jun 24 2022,0,9,1,0,0,0,0,0,0,65,#FBA9AF
NightHunter2347,Jun 05 2021,May 03 2023,0,8,1,0,0,0,0,0,0,57,#F1A4B3
CrimsonFang9914,Feb 18 2020,Aug 18 2023,0,9,1,0,0,0,0,0,0,0,#1DD5DB
GhostReaper,Nov 18 2015,Jun 05 2025,0,0,1,0,0,0,0,0,0,13,#92EA3D
DarkVortex8577,Feb 13 2013,Apr 30 2023,0,5,1,0,0,1,0,0,0,0,#AFCABF
SolarFlare5766,Nov 30 2021,Oct 30 2025,0,12,1,0,0,0,0,0,0,19,#CA9BB5
VenomStrike8434,Dec 13 2020,Aug 06 2022,0,0,1,0,0,0,0,0,0,16,#F4FCF8
ThunderB0lt6720,Sep 21 2021,Aug 10 2023,0,10,1,0,0,0,0,0,0,0,#928FD4
MysticDragon,Sep 07 2018,Nov 30 2025,0,0,1,0,0,0,0,0,0,0,#FDDF25
SteelTitan,Mar 21 2020,Mar 18 2023,1,8,1,0,0,0,0,0,0,0,#C130F1
Axis_,May 19 2020,Jul 22 2020,0,0,1,0,0,0,0,0,0,67,#857DE6
PhantomRider,Oct 06 2022,Dec 01 2022,0,5,1,0,0,0,0,0,0,0,#3BF16C
LunarEclipse,Feb 17 2024,Mar 14 2025,0,0,1,0,0,0,0,0,0,0,#46B9B3
InfernoBlade408,Feb 05 2020,Apr 04 2021,0,30,2,0,0,0,0,0,0,0,#74A794
SIlverHawk895,Sep 24 2019,Jul 06 2020,0,2,1,0,0,0,0,0,1,19,#9CE87D
OmegaStrike8792,Sep 29 2011,Feb 22 2023,0,11,1,0,0,0,0,0,0,5,#ECB81C
RogueAssassin_,Nov 12 2021,Jul 10 2025,1,9,1,0,1,0,0,0,0,0,#A1E6E0
EchoWraith9700_,Dec 03 2015,Mar 08 2024,1,10,1,0,0,0,0,0,0,3,#AB786E
MidasTouch,Dec 22 2016,Nov 24 2023,0,3,1,0,0,0,0,0,0,13,#9FF158
RiotGame9533,Jul 22 2019,Nov 28 2019,0,1,2,0,0,0,0,0,0,0,#BCCD35
SkyGuardian3610,Aug 14 2015,Jul 26 2019,0,2,1,1,0,0,0,0,0,54,#F9ED23
AGS4982,Jan 25 2016,Nov 10 2025,1,9,1,0,0,0,0,0,0,0,#2DB8D5
Bezos9712,May 12 2015,Oct 09 2024,0,12,1,0,0,0,0,0,0,22,#D47B68
ChaosBringer_,Jul 15 2019,Mar 13 2020,0,4,1,0,0,0,0,0,0,5,#957F85
FrostWarden5565,Jul 03 2022,Sep 19 2023,0,11,1,0,0,0,0,0,0,0,#E089B4
SpectralKnight5893,Aug 19 2020,Feb 05 2021,0,39,1,0,0,0,0,0,0,0,#F4F6AF
DoomBringer,Apr 22 2023,Mar 20 2024,0,9,1,0,0,0,0,0,0,0,#729BDC
VoidWalker9988,Dec 30 2021,May 28 2025,0,17,1,0,0,0,1,0,0,0,#7CF2EB
RadiantFury2146,Jan 14 2020,Aug 29 2023,0,0,1,0,0,0,0,0,0,0,#46ACD5
ChinaLover5188,Mar 14 2021,Sep 01 2025,0,5,1,0,0,0,0,0,0,0,#AB69E7
IronClad_,Dec 04 2011,May 18 2022,0,2,1,0,0,0,0,0,0,78,#C098B6
NightStalker6574,Aug 07 2017,Jul 11 2025,0,6,1,0,0,0,0,0,0,18,#C3A471
CrimsonAvenger2819,Dec 09 2020,Nov 27 2023,0,12,1,0,0,0,0,0,0,0,#B8F14A
ShadowWraith8031,May 08 2020,Jan 16 2023,0,2,1,0,0,0,0,0,0,0,#B2FFE1
BlazeFurry,Jun 08 2021,Oct 21 2022,0,8,1,0,0,1,0,0,0,0,#9D15E8
ThunderFist6975,Apr 14 2015,Feb 16 2025,0,2,1,0,0,0,0,0,0,76,#FEDF3E
MysticRogue4621,Sep 12 2015,Dec 23 2025,0,0,1,0,0,0,0,0,0,35,#BBC0BF
SteelShadow,Apr 29 2021,Mar 02 2025,0,7,1,0,0,0,0,0,0,0,#E0BEB8
PhantomStriker,Jun 22 2019,May 24 2024,0,3,1,0,0,0,0,0,0,0,#33EEF9
LunarWolf4722,Oct 05 2011,Sep 11 2020,1,1,1,0,0,0,0,0,0,100,#C65691
InfernoWarden7890,Jun 15 2019,Feb 27 2025,0,43,1,1,0,0,0,0,1,0,#BFE188
SilverFang,May 25 2022,Aug 26 2022,0,26,1,0,0,0,0,0,0,73,#CEE182
OmegaReaper9381,Aug 29 2020,Oct 05 2023,0,10,1,0,0,0,0,0,0,37,#CBB08C
RoguePhoenix9383,Oct 27 2012,Sep 03 2019,0,0,1,0,0,0,0,0,0,40,#D0C3CB
EchoStrike,May 29 2020,Mar 24 2021,1,12,3,0,0,0,0,0,0,0,#F44FB0
NovaBlade923,Feb 06 2016,May 17 2022,0,0,1,0,1,0,0,0,0,0,#F8654D
BloodWolf,Jul 16 2014,May 31 2024,0,0,1,0,0,0,0,0,0,0,#E73C7A
SkyReaper4591,Jun 07 2012,Jul 15 2025,0,0,1,0,0,0,0,0,0,14,#84DD91
Obsidian_,Feb 26 2018,Nov 20 2025,0,10,1,0,0,0,0,0,0,0,#A8F4B0
ChaosWarden,Apr 30 2012,Oct 11 2025,0,3,1,0,0,0,0,0,0,0,#D89E61
FrostDragon,Feb 12 2012,Feb 23 2020,0,3,1,0,0,0,0,0,0,0,#5BBFD4
SpectralFang7540,Apr 03 2022,Sep 16 2025,0,1,1,0,0,0,0,0,0,92,#3EFB92
DomStriker6208,Mar 19 2013,Jul 10 2019,0,6,1,0,0,0,0,0,0,0,#E9A054
VoidHunter6808,Sep 13 2012,Sep 28 2025,0,11,1,0,0,0,0,0,1,0,#7BD9C9
VALORANT_,Feb 24 2023,Oct 15 2025,0,2,1,0,0,0,0,0,0,0,#9C18E2
StormWolf,Aug 26 2020,Dec 28 2024,1,9,1,0,0,0,0,0,0,0,#6C80BB
OnlyFang4882,Nov 13 2014,Dec 25 2022,0,6,1,0,0,0,0,0,0,0,#E632A4
NightBlade8034,Jun 11 2014,May 30 2021,0,8,1,0,0,0,0,0,0,50,#C794A9
CrimsonWraith_,Mar 07 2013,Jul 03 2019,0,9,1,0,0,0,0,0,0,0,#A24EDB
Eon8461,Oct 03 2012,Jun 06 2023,0,3,1,0,0,0,0,0,0,19,#D5A849
