e5tAoOp,Sep 07 2020,May 04 2025,0,2,1,0,0,0,0,0,0,#AC277A
wvgFcK,Nov 18 2019,Nov 19 2020,0,7,1,0,0,0,0,0,0,#136EB1
Kym6b9Z4wMmm,Apr 01 2019,Apr 03 2022,0,0,2,0,0,0,0,0,0,#E75DA1
0RGYFprFclv,May 28 2015,May 26 2025,0,0,1,0,0,0,0,0,0,#77F826
iOpwsQ,Aug 24 2018,Oct 02 2021,0,22,1,1,0,0,0,0,0,#25220C
djUQe0ycOMT,May 15 2014,Oct 26 2024,0,25,1,0,0,0,0,0,0,#1137B8
Rd1cck,Oct 30 2023,Oct 27 2024,0,18,1,0,0,0,0,0,0,#00B63D
QaEkjaaC,Jul 02 2015,Oct 03 2019,0,3,1,0,0,0,0,0,0,#07718C
kUrhVUNBJ,Sep 03 2019,Oct 19 2024,0,25,1,0,0,0,0,0,0,#06CCCF
18UVN1ihBl,Dec 18 2021,Apr 17 2023,0,0,1,1,0,0,0,0,0,#FE92FE
h8xxoKh,Jul 25 2014,Apr 15 2020,1,12,1,0,0,0,0,0,0,#DBDAAD
46jsWE,Mar 27 2020,Jan 16 2023,0,10,1,0,0,0,0,0,0,#2D821A
YmrkwssOCq,May 14 2020,Dec 04 2024,0,0,1,0,0,0,0,0,0,#89788C
H1HsWraaQsE,Feb 25 2018,May 06 2022,0,9,1,0,0,0,0,0,0,#45989B
UpHLjRwNh9,May 04 2017,Jan 02 2023,0,0,1,0,0,0,0,0,0,#7CF2F9
X6sb7S,May 05 2015,Nov 24 2020,0,20,1,0,0,0,0,0,0,#D7A5C4
0IMhf9YNx,Jun 08 2013,Jun 29 2023,0,0,1,0,0,0,0,0,0,#37E608
f32gZ6,Jan 16 2016,Sep 18 2024,1,9,1,0,0,0,0,0,0,#94E66C
wEK4bC5,Jun 12 2011,Jul 06 2020,0,10,1,0,1,0,0,0,0,#655AC9
tusjTEUPXYW,Jun 20 2018,Nov 11 2023,0,0,1,0,0,0,0,0,0,#DC6BA8
JBF5cuxMd,Oct 18 2022,Sep 26 2024,0,0,1,1,0,0,0,0,0,#38A68A
L2gNsFVkPu,Jul 06 2014,Nov 27 2023,0,0,1,0,0,0,0,0,0,#403786
VnXbHu0,Jun 05 2012,Dec 21 2019,0,0,1,0,0,0,0,0,0,#A1A4D6
ulGqfWqrG,Feb 24 2019,Sep 04 2019,0,0,1,0,0,0,0,0,0,#345B59
2Z1Zi3FxfyT,Jan 24 2022,Mar 13 2022,1,13,1,0,0,0,0,0,0,#C4A205
6M6NMnr2Bybm,Sep 15 2016,Jan 26 2025,0,0,1,0,0,0,0,0,0,#190200
hiiFUMgkdD,Aug 24 2013,Mar 23 2021,0,0,1,0,0,0,0,0,0,#3CE7B2
OwxeSzKtfhjM,Jun 27 2019,Mar 05 2025,0,11,1,1,0,0,0,0,0,#F3F65D
v0OoQMJiOJ2Z,Apr 27 2018,Aug 29 2021,0,4,1,0,0,1,0,0,0,#7D7642
36tiwuH,Dec 29 2019,Oct 26 2025,0,29,1,0,0,0,0,0,0,#BCBC2C
hKTGyliZ,Jul 13 2024,Oct 29 2025,0,0,1,0,0,0,0,0,0,#CFC668
sIOqWYW,Jan 07 2016,Apr 03 2023,0,0,1,0,0,0,0,0,0,#480429
8Gifeb8XKwL,Dec 15 2015,Apr 04 2021,0,0,1,0,0,0,0,0,0,#681421
AwUqzjRPLHI,Feb 28 2021,Mar 28 2025,0,6,1,0,0,0,0,0,1,#B7C05B
Nuu4Rhyk,Jul 05 2013,Jun 03 2023,0,0,1,0,0,0,0,0,0,#7FAB13
1v18xLUos,Jan 31 2012,Aug 15 2025,1,30,1,0,0,0,0,0,0,#DB0602
CDlm28,Dec 07 2012,Feb 12 2025,0,21,1,0,0,0,0,0,0,#1893A8
j8obt0CnM,Nov 26 2015,Apr 05 2022,0,7,1,1,0,0,1,0,0,#4140CC
CfDZPjRFBCsJ,Jan 22 2018,May 23 2019,0,1,1,1,0,0,0,0,0,#6D757A
1Mrfb8V3ytg,Jan 15 2017,Mar 24 2025,0,1,1,0,0,0,0,0,1,#CE411A
ZufkyJ8L,Jan 25 2013,Jun 20 2023,1,0,1,0,0,0,0,0,0,#0CD53C
XH6BQ53D2,Nov 06 2020,Apr 21 2022,0,4,1,0,0,0,0,0,0,#6E50FB
BWJzlg,May 03 2016,Jan 07 2022,0,0,1,0,0,0,0,0,0,#3DEE75
V92ABUaoE6JH,Sep 29 2019,Mar 12 2025,1,7,1,0,0,0,0,0,0,#11C7CF
ErZfxHRHGwh,Jul 19 2017,Mar 25 2025,0,0,1,0,0,0,0,0,0,#D644AF
CpRYOmPgx,Mar 30 2020,Mar 09 2024,0,29,1,0,0,0,0,0,0,#C2103B
0GbAN5,Sep 03 2015,Nov 15 2020,0,0,1,0,0,0,0,1,0,#A4927C
vXLTMf,Dec 05 2021,Feb 12 2024,0,21,1,0,0,0,0,0,0,#A09D62
oIl7ulJ,Jun 02 2014,Nov 16 2025,0,7,1,0,0,1,0,0,0,#4489DA
l6L7BslCQ1T9,Aug 19 2015,Aug 30 2022,0,5,1,1,0,0,0,0,0,#49B6DB
Dt7EKR3QUmo,Sep 10 2014,Apr 04 2020,0,5,1,0,0,0,0,0,0,#445385
FEUJ2v,Jun 28 2011,Feb 08 2020,0,7,1,0,0,0,0,0,0,#CA3311
jocOp3FSq3W,Aug 27 2016,Jan 06 2024,0,4,1,0,0,0,0,0,0,#5DD6B8
feW5sFv66H,Feb 13 2017,Nov 03 2019,0,0,1,0,0,0,0,0,0,#5B0301
pkcuOLEf,Nov 27 2011,Apr 08 2020,0,10,1,0,1,0,0,0,0,#022987
dJV6ZN,Sep 23 2011,Feb 18 2022,0,3,1,0,0,0,0,0,0,#195FB1
fsXpdh4QeKOQ,Sep 18 2019,Aug 12 2021,0,68,1,0,0,0,0,0,0,#0C5879
3NhPRrmOv,Jan 11 2013,Oct 23 2023,0,12,3,1,0,0,0,0,0,#1C2DBE
7yQmIPFdUgd,Feb 05 2020,Aug 06 2020,0,0,1,1,0,0,0,0,0,#8A6672
4lCt41hVskzE,Feb 05 2023,Nov 03 2024,0,7,1,0,0,0,0,0,0,#93D1B8
t3SLFO,Apr 19 2013,Apr 12 2021,0,7,1,1,0,0,0,0,0,#A114E8
VJXbhD42LxZR,Jan 09 2022,Jan 19 2025,0,0,1,0,0,0,0,0,0,#46F6CB
sbDHsL9n,Dec 11 2013,Jan 09 2025,0,28,1,0,0,0,0,0,0,#8FBE50
fZUo7f,Jan 16 2012,Feb 06 2025,0,0,1,0,0,0,0,0,0,#8B7955
jMHfPFH8,Nov 15 2022,Mar 18 2023,1,10,1,0,0,0,0,0,0,#2EA730
1Fz7U9Ob7jmV,Aug 23 2019,Sep 21 2019,0,11,1,0,0,0,0,0,0,#C10EAF
FYd2nz,Mar 16 2014,May 06 2020,0,2,2,0,0,0,0,0,0,#476E8A
cxhyt5vWJuK7,Jan 07 2021,Jun 24 2024,0,0,1,1,0,0,0,0,0,#BE5D7C
9CNtFbsz8,Aug 26 2014,Oct 13 2022,0,0,1,0,0,0,0,0,0,#A955F1
QpGG1NeAYGvJ,Jan 26 2021,Feb 03 2023,0,9,1,1,0,0,0,0,0,#4F95FC
QvHT6piYAMYt,Oct 05 2014,May 02 2023,0,0,1,0,0,0,0,0,0,#AB2DCA
rYZWcfEUj,Mar 09 2023,May 18 2024,0,25,1,0,0,0,0,0,0,#FD8869
0MPgTryk88J8,Feb 23 2021,Aug 12 2023,0,8,1,0,0,0,0,0,0,#EDA381
x71EBNEvpfo3,Mar 25 2017,Oct 17 2019,1,28,1,0,0,0,0,0,0,#D0A710
DNDXa7KStJ,Nov 12 2020,Jan 06 2022,0,9,1,0,0,0,0,0,0,#E396D6
x7YupSlgYpc,Sep 18 2011,May 17 2022,0,0,1,0,0,0,0,0,0,#913412
jlhL0xU8b,Sep 22 2019,Mar 03 2024,0,0,1,0,0,0,0,0,0,#EBBA91
v8diyiZ,May 18 2014,May 17 2019,0,0,1,0,0,0,0,0,0,#C4E19B
wnXvECxG1hMp,Aug 27 2023,Feb 11 2024,0,0,1,0,0,0,0,0,0,#8A513C
CCsFDtlTo,Dec 09 2012,Apr 11 2024,0,23,1,1,0,0,0,0,0,#1D11EB
RPIGWvQMV,Sep 18 2024,Oct 23 2025,0,6,1,0,0,0,0,1,0,#8A5070
74ci7qKXkjG,Sep 26 2021,Mar 31 2024,0,0,1,0,0,1,0,0,0,#4308AB
w1OzgTvWFNN,Feb 11 2024,Feb 01 2025,0,3,1,0,0,0,0,0,0,#33B564
dHV26CJ,Aug 20 2022,Feb 06 2023,0,9,1,0,0,0,0,0,0,#13FBB1
aU2oJ4Th6Ya,Nov 12 2022,Nov 18 2023,0,8,1,0,0,0,0,0,0,#F9CA4E
XDtn3XHW3HpW,Dec 04 2013,Sep 18 2019,0,9,1,0,0,0,0,0,0,#A6E960
NKHvwzywjwMP,Apr 13 2020,Apr 10 2021,0,0,1,0,0,0,0,0,0,#EFAF58
2J86M8GyBBya,Jan 23 2022,Oct 24 2025,0,0,1,0,0,0,0,1,0,#59FF6B
nTILYZwnqOH,Mar 06 2025,Apr 17 2025,0,18,1,0,0,0,0,0,0,#C5180E
KYwybRD,Jun 11 2022,Oct 15 2024,0,0,1,0,0,0,0,0,0,#19E2B0
0hzUtE,Feb 01 2021,Jul 24 2022,1,1,1,0,0,0,0,0,0,#940D28
HO4TBxKlYC,Sep 03 2015,Jul 29 2023,0,2,1,0,0,0,0,0,0,#6B6C79
HEMZdI7uu,Oct 30 2013,Jan 28 2024,0,0,1,1,0,0,0,0,0,#470413
Xp6NFAIc2O9K,Mar 15 2020,Nov 19 2021,0,0,1,0,0,0,0,0,0,#C82E83
zTLkD2ZSxK,Oct 05 2017,Jul 14 2022,0,18,1,0,0,0,0,0,0,#B87113
8LaCm1lAIn3,Nov 13 2016,Oct 24 2020,1,5,1,0,0,1,0,0,0,#F18AE3
84SKwm0MAKz,Mar 15 2014,Apr 02 2024,0,0,1,1,0,0,0,0,0,#923CFC
xh5jlA,Jun 05 2013,Sep 22 2024,0,0,1,1,0,0,0,0,0,#424E7D
e1rt0GrF,Jul 09 2021,Jun 25 2022,0,0,2,0,0,0,0,0,0,#2CDC10
jhiEi4euR4ZJ,Mar 20 2017,Jun 27 2022,0,0,1,0,0,0,0,0,0,#F24A48
K9ITML3,Sep 18 2012,Jan 06 2024,0,12,1,0,0,0,0,0,0,#9B9BC5
lbQU2euPQ88,Jan 11 2017,Aug 16 2022,0,0,1,0,0,0,0,0,0,#796734
sn0yvbFx75VF,Apr 20 2015,Mar 29 2024,0,7,1,0,0,0,0,0,0,#9459C4
mRbhk5,May 12 2022,Nov 22 2025,0,0,1,0,0,0,0,0,0,#DD0215
jCAAoA,Jan 18 2013,Jun 11 2022,0,4,1,0,0,0,0,0,0,#5BE94B
9BD9cqhXnO1X,Jun 25 2014,Nov 19 2023,0,3,1,0,0,0,0,0,0,#42E1E0
YZ6ZVLy,Mar 25 2021,Nov 02 2021,0,9,1,0,0,0,0,0,0,#120126
UnehqeY2,Aug 24 2019,Dec 10 2021,1,0,1,0,0,0,0,0,0,#1CA6D0
oG1FxRTU,Feb 04 2022,Mar 29 2025,0,15,1,0,0,0,0,0,0,#072708
7a17jW8Sr0k,Aug 01 2018,Oct 03 2022,0,2,1,0,0,0,0,0,0,#6F12C2
k0L5HVST,Oct 29 2017,Jun 23 2021,0,0,1,0,0,0,0,0,0,#9A2EA1
I4mttF,Feb 06 2013,Oct 24 2022,0,7,1,0,0,0,0,0,0,#56C216
AQaNHT,Aug 19 2019,Oct 17 2023,0,9,1,0,0,0,0,0,0,#9C0090
m19pyhA5ASKB,Feb 25 2020,Dec 09 2025,0,0,1,0,0,0,0,0,0,#58AC8B
cRrZhSevGVS,Oct 14 2021,Dec 31 2021,0,11,1,0,0,0,0,0,0,#F576D6
JLRzMoj31,Oct 26 2012,Sep 19 2023,0,0,1,0,0,0,0,0,0,#1CCB3D
LfpqgQ9Dvt,Sep 27 2012,Mar 16 2023,0,5,1,0,0,0,0,0,0,#F159B0
x2cP9efpnuSW,Nov 17 2017,Nov 02 2022,1,41,1,0,0,0,0,0,0,#7F43C9
55SKLO1oF9tc,Nov 10 2019,Mar 15 2021,0,4,1,0,0,0,0,0,0,#11A2D2
UBFpEqLidwi,Jan 07 2020,Jul 22 2020,0,18,1,0,0,0,0,0,0,#A4F5A7
MAsEbFhVYwz,Apr 05 2019,May 24 2022,0,10,1,0,0,0,0,0,0,#3F50F0
LIjtfBtT,Jul 05 2015,Nov 21 2019,0,0,1,1,0,0,0,0,0,#F22658
TbA5wtzxuEYT,Feb 04 2014,Jun 28 2023,0,0,1,0,0,0,0,0,0,#9FF43B
CdZQis7835Wl,Oct 17 2019,Nov 15 2023,0,1,1,0,0,0,0,0,0,#9F96EF
PXdsZPQJ7jZ,May 15 2017,Feb 10 2025,1,0,1,0,0,0,0,0,0,#CD406B
S82T3Yi3owTc,Sep 09 2014,Apr 23 2021,0,8,1,0,0,0,0,0,0,#8606D7
nOI20fez,Dec 16 2011,Dec 25 2022,0,5,1,0,0,0,0,0,0,#25D1A2
OmAmTuF,Oct 02 2020,Dec 23 2020,0,9,1,0,0,1,0,0,0,#BCEC73
Z4b5P1m1lT,May 12 2021,Oct 17 2021,0,0,1,0,0,0,0,0,0,#00045F
XusFak,May 25 2012,Aug 12 2022,0,10,1,0,0,0,0,0,0,#9AE584
m1P5EJx,Mar 14 2012,Jul 26 2023,0,0,1,0,0,0,0,0,0,#BE6913
8lybTxFCIEj,Dec 10 2011,Jan 11 2021,0,9,1,0,0,0,0,0,0,#8196CF
5h2Eu1B,May 13 2016,Sep 13 2023,0,68,1,0,0,0,0,0,0,#A2E886
qFe2Bg,Dec 22 2017,Oct 02 2019,1,10,1,0,0,0,0,0,0,#F2B9E6
xmhEJz4n,Nov 22 2021,Dec 14 2021,0,0,1,0,0,0,0,0,0,#C8244F
zX6Be5ZcipQS,Sep 23 2020,Feb 14 2025,0,3,1,0,0,0,0,0,0,#E276F5
2aUH4udBb,Jan 16 2018,Oct 30 2024,0,0,1,0,0,0,0,0,0,#2641E0
ncivrGnTu4T,Aug 19 2020,Nov 30 2024,0,0,1,0,0,0,0,0,0,#FCC3FB
kLuHbRx,Nov 21 2012,Mar 10 2022,0,2,1,0,0,0,0,0,0,#7CC4CA
SfZC0Hp,Apr 14 2016,Jul 23 2022,0,9,1,0,0,0,0,0,0,#968B25
J8s7Mn,Jun 21 2014,Oct 28 2020,0,0,1,1,0,0,0,0,0,#62FA24
8xS3CdLIpBK,Oct 02 2015,Aug 21 2020,0,6,1,0,0,0,0,0,0,#5937FA
s2srr5jW2G,May 18 2018,Nov 07 2020,0,0,1,1,0,0,0,0,0,#18A573
aQgHzif4,Jul 17 2011,May 23 2019,0,0,1,0,0,0,0,0,0,#686758
NG6G2uUDAh,Feb 23 2018,Jun 08 2020,0,0,1,0,0,0,0,0,0,#73643E
2RjHiT5,Sep 19 2011,Mar 27 2022,0,7,1,0,0,0,0,0,0,#17DD8D
iTN2ew,Jan 18 2017,Mar 30 2025,0,0,1,0,0,0,0,0,0,#06F0EA
53d7w5,Apr 21 2017,Jul 11 2025,0,7,1,0,0,0,0,0,0,#1BC520
MLJPGrAQ,Sep 22 2012,May 08 2025,0,4,1,0,0,0,0,0,0,#1928F7
7udUhV,Jan 04 2015,Dec 11 2024,0,9,1,0,0,0,0,0,0,#7B0A12
POXVHET,Jun 05 2022,Aug 09 2025,0,0,1,0,0,0,0,0,0,#8F56DC
YEDKEA,Aug 07 2021,Nov 10 2022,0,0,1,0,0,0,0,0,0,#802592
RkIiEFK2FS5K,Sep 04 2013,Jul 12 2020,0,4,1,0,0,0,0,0,0,#045622
IcOA0R,Nov 04 2020,Sep 12 2025,0,16,1,0,0,0,0,0,0,#A85E1A
dNv4yol,Feb 26 2015,Jun 10 2023,0,0,1,0,0,0,0,0,0,#0BCD0F
d8JytkwYuoh8,Aug 18 2017,Aug 14 2023,0,0,2,0,0,0,0,0,0,#B9BD6E
II2MiVWNG,Oct 28 2020,Jun 08 2022,0,12,1,0,0,0,0,0,0,#F6B7DB
KcnotaBot4,May 10 2015,Aug 23 2022,1,28,1,0,0,0,0,0,0,#649ECA
gEm5tnfFvj,Mar 19 2013,Sep 23 2023,1,0,1,0,0,0,0,0,0,#38FB0D
FvjBZiTYXxuZ,Sep 20 2015,Nov 13 2021,0,3,1,0,0,0,0,0,0,#E16D3A
DOY3zveurnU,Feb 15 2021,Jul 25 2021,0,12,1,0,0,1,0,0,0,#B9536A
6VRkTdXxea,Dec 31 2020,Sep 22 2025,0,4,1,0,0,0,0,0,0,#DACEEE
4VRUiVf2H,Nov 18 2021,Jun 05 2024,0,0,1,0,0,0,0,0,0,#1B7AB1
NQ01Lpg1rK,Oct 28 2019,Nov 04 2019,0,9,1,0,0,0,0,0,0,#1C2A6F
c1neNfSDQ,May 12 2017,Aug 11 2024,0,3,1,0,0,0,0,0,0,#4EB4EF
vgNJPCcRWYe,Jan 21 2021,Jul 05 2024,0,0,1,0,1,0,0,0,0,#FA37E0
RN4TCuzJzaqV,May 06 2014,Sep 13 2024,0,4,1,0,0,0,0,0,0,#AE63F3
WGrKSV43xJM,Aug 27 2021,Dec 11 2021,0,0,1,0,0,0,0,0,0,#00ABB5
IbQMZGy,Jan 25 2025,Aug 11 2025,0,6,1,0,0,0,0,0,0,#77A0EF
ShVYYE,Feb 18 2012,Oct 29 2021,0,0,1,0,0,0,0,0,0,#E3AF80
Df33CNPH,Jan 29 2021,Jul 01 2025,0,11,1,0,0,0,0,0,0,#7F99D3
xZ0a6ni0CI,Dec 12 2013,Sep 15 2023,1,0,1,0,0,0,0,0,0,#A190C7
44MF5yxsUS,Sep 19 2016,Apr 29 2020,0,0,1,0,0,0,0,0,0,#F8D31B
bOa0GkVtY,Dec 29 2015,Jul 15 2019,0,10,1,0,0,0,0,0,0,#08CDEA
cTEuB2Gs,Feb 10 2015,Aug 13 2019,0,6,1,0,0,0,0,0,0,#43C0C3
mSn2XDHAU,Nov 18 2021,Jan 07 2023,0,23,1,0,0,1,0,0,0,#BCEB66
8owSeZgTcXW,Jan 25 2018,Sep 03 2023,0,9,1,0,0,0,0,0,0,#6335A3
F5i9wMV,Jan 13 2015,Jun 29 2024,0,0,2,0,0,0,0,0,0,#8B6908
5jx0Z3MQczB,Nov 13 2016,May 26 2023,0,0,1,0,0,0,0,0,0,#3192B9
qojQtQamf,Feb 06 2013,Jun 22 2019,0,0,1,0,0,0,0,0,0,#406842
3AYhJH,Nov 13 2017,Jul 06 2025,0,2,1,0,0,0,0,0,0,#47B75F
tFL1m6vh64Ux,Aug 20 2024,Sep 29 2024,0,0,1,0,0,0,0,0,0,#3755E0
2Kj9TnhbkYH,Dec 30 2013,Jun 10 2025,0,0,1,0,0,1,0,0,0,#B6E294
xgL4Eug,Oct 14 2015,Jul 17 2022,0,9,1,0,0,0,0,0,0,#C0E58D
JVgc7mGG,Feb 09 2020,Apr 29 2023,0,0,1,0,0,0,0,0,0,#F2FB9A
7eRX0wb,Oct 29 2018,Jul 23 2022,0,0,1,0,0,0,0,0,0,#E5E9AE
wU6NX1z,Oct 25 2016,Aug 23 2022,0,0,1,0,0,0,0,0,0,#6E7958
xctdGCri54,Aug 03 2016,Nov 03 2019,0,9,1,0,0,0,0,0,0,#9D000A
BDt5FSnh9,Jul 14 2020,Apr 05 2025,1,6,1,0,0,0,0,0,0,#958723
AF9EFpZE,Oct 16 2019,Feb 27 2020,0,0,1,0,0,0,0,1,0,#F70BB1
oAIWiPfF,Oct 18 2011,Nov 06 2024,0,30,1,0,0,0,0,0,0,#4C7C0E
xGWtMZaT,Jun 09 2018,Sep 16 2025,0,8,1,0,0,0,0,0,0,#E974E2
cwno2TyV,Oct 16 2013,Aug 22 2022,0,0,1,0,0,0,0,0,0,#A5A096
PtgPwW8z,Jan 26 2020,Aug 13 2022,0,0,1,0,0,0,0,0,0,#5DC4F9
n10DySnRc4BV,Oct 02 2020,May 26 2025,0,0,1,0,0,0,0,0,0,#FF2DF6
rFXff155F2l,May 20 2014,Jul 19 2023,0,8,1,1,0,0,1,0,0,#88A0C6
c7zAXfWM,Feb 03 2014,Sep 01 2024,0,24,1,0,0,0,0,0,0,#0711FD
ZnSTPq6trIr,Sep 15 2021,Aug 02 2022,0,11,1,1,0,0,0,0,0,#F8B74A
JzGhQC8pSIKJ,Aug 29 2022,Jan 12 2025,0,1,1,0,0,0,0,0,0,#173852
P6YPjq0,Feb 13 2015,Oct 17 2022,0,12,1,0,0,0,0,0,0,#87D055
9kUYaJ,May 26 2019,Mar 07 2020,0,6,1,0,0,0,0,0,0,#DC5607
NK4noK,Nov 24 2017,May 20 2022,0,10,1,0,0,0,0,0,0,#A41696
e7A62gQx,Dec 11 2019,Aug 06 2023,1,2,1,0,0,0,0,0,0,#0687E9
PFbpQO2,Feb 12 2014,Jun 17 2024,0,0,1,0,0,0,0,0,0,#0B9042
32Mjga7PBi,Oct 05 2012,May 22 2022,0,0,1,0,0,0,0,0,0,#3177E9
iNTcQ9,Feb 11 2012,Sep 25 2021,0,10,1,0,0,0,0,0,0,#78DF61
f5B4OBsopL,May 19 2015,Feb 24 2023,0,5,1,0,0,0,0,0,0,#1AF8A1
bEbJuka,May 05 2012,Jul 30 2019,0,29,1,0,0,0,0,0,0,#F1EF02
VYp7FS,Apr 12 2015,Jun 04 2023,0,12,1,0,0,0,0,0,0,#20CCF3
lQOKwiJV,Dec 13 2016,Feb 10 2025,0,3,1,0,0,0,0,0,0,#228F67
BjdNgIWp,Feb 16 2021,Jun 14 2025,0,0,1,0,0,0,0,0,0,#613CAA
FLjkEmw8sqT,Sep 01 2014,Nov 06 2023,0,25,1,0,0,0,0,0,0,#8E5763
RSueDmZoem,Dec 21 2023,Jun 17 2024,0,12,1,0,0,0,0,0,0,#831D43
IGOMgs,Apr 06 2016,Nov 17 2019,0,4,1,0,0,1,0,0,0,#1CBF0A
UmFAbckk,Mar 11 2020,Nov 04 2025,0,0,1,1,0,0,0,0,0,#7EBC4A
Op2c9FEdF,Dec 13 2015,Apr 12 2022,0,0,1,0,0,1,0,0,0,#6B438F
mJquaMv,Jul 28 2016,Dec 18 2024,0,12,1,0,0,0,0,0,0,#5BD40F
IKFPaG,Nov 08 2020,Nov 01 2021,1,0,1,0,0,0,0,0,0,#9F8F47
6DlvSXqel,Mar 25 2020,Oct 03 2023,0,0,1,0,0,0,0,0,0,#B1F82E
ADpws0g,Jun 21 2012,Dec 03 2021,0,0,1,0,0,0,0,0,0,#61E058
mw9aonA,Oct 27 2017,Apr 04 2020,0,0,1,0,0,0,0,0,0,#F52373
6dyDGn,Aug 04 2017,Jun 25 2020,0,12,1,0,0,0,0,0,0,#05871A
nKG9tHIuG6B,Jan 01 2020,Dec 03 2025,0,0,1,0,0,0,0,0,0,#A76831
tj7tpoxs2a,Dec 23 2018,Aug 05 2023,0,12,1,1,0,0,0,0,0,#C16A02
LPYNO4SWbscP,Nov 16 2021,Dec 14 2025,0,18,1,0,0,0,0,0,0,#0C4B82
BIRLflIu,Aug 04 2023,Jun 09 2025,0,0,1,0,0,0,0,0,0,#909C23
IyYn1mOvn,Jun 09 2020,Nov 05 2024,0,12,1,1,0,0,0,0,0,#A847C6
l4WKfHqPjT8W,Aug 03 2017,Oct 08 2021,0,11,1,0,0,0,0,0,0,#BA0B99
7I0mAm5dy,Nov 13 2022,Dec 21 2022,0,10,1,0,0,0,0,0,0,#B5746C
LUd2sNt48a,Jul 19 2013,Mar 16 2021,0,10,1,0,0,0,0,0,0,#69978C
bHzt5MnuUE,Feb 02 2023,Aug 14 2023,0,11,1,0,0,0,0,0,0,#90D1AE
6CvZDVsq6,Oct 09 2019,Oct 29 2021,1,3,1,0,0,0,0,0,0,#696D7A
jEChkr1ObQN,Aug 24 2019,Jun 06 2022,0,10,1,0,0,0,0,0,0,#468911
EYihVQgv,Feb 24 2019,Jun 28 2025,0,12,1,0,0,0,0,0,0,#6DA33A
TY5k5BPmNxF,Sep 06 2014,Feb 07 2025,0,12,1,1,0,0,0,0,0,#BBC97E
diXgusu,Oct 24 2021,May 11 2022,0,7,1,0,0,0,0,0,0,#183E77
5jQxVE,Jul 16 2017,Jul 09 2022,1,12,1,0,0,0,0,0,0,#7E423C
bJRleI,Oct 13 2024,May 10 2025,0,0,1,1,0,0,0,0,0,#492059
ZXRtYvYC,Jul 27 2013,Jul 22 2019,0,0,1,0,0,0,0,0,0,#D1FD6D
L7cxtsI,Nov 18 2016,Jul 03 2022,0,0,1,0,0,0,0,0,0,#6A6B55
YHnYf12ioY,Feb 20 2016,May 28 2019,0,0,1,0,0,0,0,0,0,#5332BF
681Ams4v,Jan 18 2021,May 04 2022,0,0,1,0,0,0,0,0,0,#C66EED
bwGBvsvnbGo8,Feb 08 2022,Jul 06 2025,0,0,1,0,0,0,1,0,0,#B89408
2e2gqiwIVVT6,May 29 2020,Oct 18 2023,0,11,1,0,0,0,0,0,0,#DB140B
5wfmIDbA35L,May 21 2022,Mar 10 2025,0,0,1,0,0,0,0,0,0,#C1CB80
2KKnoe7sp,Feb 01 2021,Oct 21 2025,0,0,1,0,0,0,0,0,0,#64B4E9
r6sydgHeyad,Nov 07 2021,Dec 22 2022,1,8,1,0,0,0,0,0,0,#49C3B1
zrll86YfXv,Sep 07 2020,Apr 25 2025,0,0,1,0,0,0,0,0,0,#F25231
UnpczUO09d,Nov 07 2015,Feb 25 2020,0,12,1,0,0,1,0,0,0,#3E73DA
GEzZf7,Aug 04 2014,Jun 23 2024,0,8,1,0,0,0,0,0,0,#BD3F3D
D90pXiC,Jun 02 2013,Jun 25 2023,0,0,1,0,0,0,0,0,0,#DBA611
wrOJVoIG,Feb 22 2018,Aug 10 2022,0,0,1,1,0,0,0,0,0,#642E4E
4MsMCs,Jun 30 2014,May 08 2023,1,0,1,0,0,0,0,0,0,#A50C80
xD3UjpR,May 05 2015,May 16 2023,1,8,1,0,0,0,0,0,0,#53EE5D
ldkrNxeN,May 17 2022,Jan 07 2023,0,2,1,0,0,0,0,0,0,#82DF45
jH6heA6,Jun 10 2012,Nov 17 2022,0,5,1,0,0,0,0,0,0,#328E91
5U0kDu85Lg,May 06 2015,Jul 07 2024,0,5,1,0,0,0,0,0,0,#C8731D
v8IeErv9zNf,Aug 02 2022,Aug 19 2025,0,0,1,0,0,0,0,0,0,#B0F8BE
goI8sEhf8dz,Feb 19 2024,Aug 25 2024,0,0,1,0,0,0,0,0,0,#341B9B
z1ZIGj8dk9,Sep 01 2019,May 26 2020,0,0,1,0,0,0,0,0,0,#0E2A13
jix0dZG3hSb,Nov 04 2012,Feb 11 2020,0,0,1,0,0,0,0,0,0,#82C56D
5BeBHM,Apr 26 2021,Jul 23 2023,0,4,1,0,0,0,0,0,0,#20EC65
j9mKjlXJ,Dec 31 2019,Jul 23 2023,0,11,1,0,0,0,0,0,0,#906C62
kB0HztqWVws,Jun 18 2015,Dec 10 2020,0,5,1,0,0,0,0,0,0,#735FD2
BesfGh3ZF,Feb 12 2020,Sep 19 2021,0,9,1,0,0,0,0,0,0,#923131
nwVB67a3B,Jun 30 2014,Jun 09 2022,1,1,1,0,0,0,0,0,0,#801910
pLBGZAL,Nov 12 2015,Mar 21 2024,0,10,1,0,0,0,0,0,0,#E14A2D
i2rXZrZ,Nov 20 2020,May 04 2022,0,0,1,0,0,0,1,0,0,#D5E814
EdiNSKWGAdsN,Feb 28 2016,Jul 21 2024,0,1,1,0,0,0,0,0,0,#4E58C8
XUVsiydNqw1L,Jun 22 2011,Dec 16 2022,0,5,1,0,0,1,1,0,0,#4F6128
9JnJL5nCWe2S,Oct 17 2011,Jul 16 2021,0,7,1,0,0,0,0,0,0,#C8D1A5
3erLaWUoZQdj,Dec 11 2018,Feb 10 2025,0,0,1,0,0,0,0,0,0,#34AB8B
K5v5btWZh,Oct 24 2021,Feb 21 2024,0,0,1,0,0,0,0,0,0,#8327A0
CAPa5HX,Mar 03 2018,Apr 25 2022,0,0,1,0,0,0,0,0,0,#DE0FF6
oCWH8zhXNeE,Mar 13 2018,Aug 13 2019,0,0,1,0,0,0,0,0,0,#F4B4A3
C7UquHd2dV,Apr 14 2019,Dec 29 2021,0,4,1,0,0,0,0,0,0,#5B0D10
9eRictM,May 17 2015,May 22 2024,0,12,1,0,0,0,1,0,0,#F64B5E
fhikLc5VYQA,Sep 22 2021,Aug 05 2025,0,0,1,0,0,0,0,0,0,#071B99
RmXCm7,May 10 2019,Sep 23 2021,0,0,1,1,0,0,0,0,0,#A71958
y86BvhRLUH,Feb 13 2018,Jan 28 2024,0,8,2,0,0,0,0,0,1,#1C9599
7xUb3cs,Aug 09 2012,Jan 27 2020,0,10,1,0,0,0,0,0,0,#B8128E
2pjsvQJuNhh,Mar 25 2022,Oct 20 2025,0,5,1,0,0,0,0,0,0,#3B84E7
DGUkepF30859,Aug 12 2013,Oct 04 2025,0,0,1,0,0,0,0,0,0,#FCE41C
LFApU9,Jun 10 2019,Mar 26 2024,0,0,1,0,0,0,0,0,0,#D76990
oWzBE2hdGz,May 07 2016,Jun 03 2024,0,5,1,0,0,0,0,0,0,#053490
l3IevVME,Jun 23 2018,Jan 28 2021,0,30,2,1,0,0,0,0,0,#46D11A
p4QI0ya,Mar 14 2022,Jul 02 2025,0,0,2,0,0,0,0,0,0,#66B6DE
y2ob2jhusNFL,Nov 10 2023,Apr 11 2025,0,6,1,0,0,0,0,0,0,#13A86A
JGFBM8,Sep 03 2014,Aug 04 2025,0,0,1,0,0,0,0,0,0,#94B012
QPlKyPi,Dec 22 2021,Sep 22 2023,0,5,1,1,0,0,0,0,0,#D5A4EB
bmeEDlyh,Dec 24 2013,Sep 10 2025,0,11,1,0,0,0,0,0,0,#4F2F8B
GyNI8DkDrd4,Aug 20 2020,Jul 24 2021,0,4,1,1,0,0,0,0,0,#A589C6
4YPKnd6lYeC,May 21 2024,Dec 03 2025,0,11,3,0,0,0,0,0,0,#F23EBC
trUMjvTIeM,Oct 18 2017,Oct 18 2023,0,5,1,0,0,0,0,0,0,#1A7558
Y0Jx8RoA,Sep 20 2022,Sep 05 2023,0,0,1,0,0,0,0,0,1,#512391
RtrgUOpdb,Sep 15 2021,May 17 2025,0,7,1,0,0,0,0,0,0,#FF0B65
f5VNw1yH6,Mar 22 2019,Aug 05 2023,0,24,1,0,0,0,0,0,0,#D11EFF
dywdIBMvGVH,Feb 25 2020,Mar 10 2023,0,6,1,0,0,0,0,0,0,#DAFC50
vGDsSjkvy2FG,Jul 29 2018,Oct 22 2019,0,23,1,0,0,0,0,0,0,#9108AD
k6nbyehE2R7,Oct 06 2021,Sep 25 2023,0,0,1,0,0,0,0,0,0,#4C6DC0
xGEZiqCen5jg,Sep 17 2014,Feb 07 2025,0,0,1,0,0,0,0,0,0,#2A43A7
hLORTZyIw6,Oct 29 2015,Jan 08 2020,1,0,1,1,0,0,0,0,0,#E4B045
dxzrPSZs2,Mar 26 2015,Jan 18 2025,0,0,1,0,0,0,0,0,0,#4FC6A1
xsiIZmKMCoeY,Aug 23 2020,Nov 24 2021,0,0,1,0,0,0,0,0,0,#F85122
gWugLi,Oct 20 2014,Sep 24 2020,0,8,1,0,0,0,0,0,0,#54B1FB
ukXG7UFw,Nov 24 2023,May 03 2025,0,0,1,0,0,0,0,0,0,#07DE11
Qp7D2zkpbo,Jan 30 2020,Oct 10 2025,1,19,1,0,0,0,0,0,0,#C5F262
a9j91gm,Nov 26 2018,Feb 11 2020,0,21,3,0,0,0,0,0,0,#0DC5BE
uNUch4Npr,Nov 12 2016,Apr 29 2024,0,0,1,0,0,0,0,0,0,#355D03
IkwiR2E,Nov 09 2020,Jun 30 2022,0,11,1,0,0,0,0,0,0,#7D1CBC
iw9HxHv,Sep 17 2017,Mar 25 2024,0,36,1,0,0,0,0,0,0,#9F03FB
HosPTQS,Jul 29 2018,Jun 03 2022,0,0,1,1,0,0,0,0,0,#3AF808
b5V9VMk9QVB,Sep 24 2020,Oct 30 2024,0,9,1,0,0,0,0,0,0,#C24B74
A8zGFR,Apr 07 2012,Oct 13 2022,0,8,1,1,0,0,0,0,0,#1B74B3
5WmQwmSjGz,Jan 05 2022,Jan 05 2025,0,7,1,0,0,0,0,0,0,#46D831
bJrhUN8,Oct 17 2014,Jun 04 2021,0,10,1,0,0,1,0,0,0,#EF7558
WCt257d,Dec 13 2015,Apr 11 2022,0,0,1,0,0,0,0,0,0,#C98386
yzFeLHS,Nov 07 2013,Dec 11 2023,0,1,1,0,0,0,0,0,0,#1E9CAA
Yi5bqUrb6p76,Jul 03 2016,May 20 2025,0,0,1,1,0,0,0,0,0,#81DB24
JxnKvyje,Dec 23 2012,Oct 11 2021,0,0,1,0,0,0,0,0,0,#C61E99
HrP6QpO,Mar 30 2023,Mar 12 2025,0,0,1,0,0,0,0,0,0,#31520C
FuwPeA2Sqzx,Sep 10 2012,Oct 25 2021,0,3,1,0,0,0,0,0,0,#7F838C
S0ZX90dVySB,Nov 17 2012,Nov 14 2021,0,13,1,1,0,1,0,0,0,#C7841C
kMncgII,Dec 20 2021,Nov 30 2024,0,9,1,0,0,0,0,0,0,#38AF91
fINGFwVY4sU,Aug 18 2017,Sep 24 2025,0,10,1,0,0,0,0,0,0,#66425B
LEpXeNMupA,May 24 2013,Jun 26 2021,0,4,1,0,0,0,0,0,0,#5DA8AC
0NWDj8b,Dec 29 2014,Feb 11 2023,0,2,1,0,0,0,0,0,0,#955F13
Tg8r1l,Oct 26 2022,Nov 18 2024,0,3,1,0,0,0,0,0,0,#3775A0
kEp6ONbolT,Mar 01 2017,Jun 01 2021,0,0,1,0,0,1,0,0,0,#A9F509
SnZ2Wx,Feb 10 2017,Nov 03 2024,0,15,1,0,0,0,0,0,0,#466151
KCQ6V1I,Mar 05 2016,Jan 28 2024,0,17,1,0,0,0,0,0,0,#0CBC7D
hEdXcW,Jul 22 2020,Apr 13 2021,0,11,1,0,0,0,0,0,0,#3AB42D
0X6CDY6i,May 04 2012,Dec 04 2021,0,0,1,0,0,0,0,0,0,#23E7BC
WOZyFE,Dec 14 2015,Jun 22 2023,0,2,1,1,0,0,0,0,0,#4440AF
alGSO4lUyn,Mar 04 2018,Jul 10 2019,1,6,1,0,0,0,0,0,0,#3C9A12
yAPITtUJX8U2,Nov 27 2022,Aug 08 2025,0,29,1,0,0,0,0,0,0,#F3FC80
mzrfzXwx,Jul 04 2013,Feb 01 2023,0,4,1,1,0,0,0,0,0,#8D07B3
LIfK2Uu,May 10 2020,Nov 23 2020,0,3,1,1,0,0,0,0,0,#AF117B
7ZcJ7tgJaF,Sep 09 2020,May 12 2022,0,44,1,0,0,0,0,0,0,#E514C5
00YNlXisr,Feb 26 2019,Mar 09 2020,0,3,1,0,0,0,0,0,0,#F15643
TVFPDnzr,Jun 15 2022,Apr 12 2024,0,0,1,0,0,0,0,0,0,#6FADF2
7yh8GI,May 23 2012,Jun 03 2019,0,0,1,0,0,0,0,0,0,#739F77
kTJsMiqRHT,Dec 22 2012,Jan 14 2024,0,1,1,0,1,0,0,0,0,#D35D5A
os9Q8e7ENr,Sep 23 2014,Dec 24 2020,0,22,1,0,0,0,0,0,0,#F4B46F
rYWnyeUdn6,Jan 16 2017,Apr 20 2023,0,0,1,1,0,0,0,0,0,#74B732
z5x6R470hHEN,May 21 2023,Mar 14 2024,0,5,1,0,0,0,0,0,0,#DFCBF3
3zVcCCNcZU,Mar 20 2017,Apr 03 2025,0,0,1,0,0,0,0,0,0,#E4EF01
NQRMWjXeMh0C,Jan 27 2024,Feb 17 2024,0,0,1,0,0,0,0,0,0,#0F70CF
icGb3Pxv,Aug 09 2018,Aug 10 2023,0,0,1,0,0,0,0,0,0,#A2099A
MgV3iC,Oct 23 2011,Oct 11 2023,0,28,1,0,0,0,0,0,0,#26DCE5
3QOiH73X,Jun 13 2021,Sep 20 2021,0,0,1,0,0,0,0,0,0,#694504
bMMvQaW2E,Jan 28 2023,Nov 11 2024,0,0,1,0,0,0,0,0,0,#3EAB26
4Wso2x,Jul 11 2014,Sep 07 2023,0,0,1,0,0,0,0,0,0,#B7CC42
rmQ3LK,Mar 16 2018,May 13 2023,0,0,1,0,0,0,0,0,0,#07ABF9
2FJuVF,Jul 15 2018,Apr 29 2025,0,10,1,0,0,0,0,0,0,#2F9515
nxoEK8cszZ,Sep 17 2011,Feb 24 2021,0,9,1,0,0,0,0,0,0,#660182
JbuGyxj,Mar 29 2023,Aug 21 2023,0,0,1,0,0,0,0,0,0,#AE7CE4
KcEjSm,Sep 14 2022,Dec 01 2022,1,0,1,0,0,0,0,0,0,#040A21
WtSE1CBxDhQ8,Dec 19 2021,Mar 23 2024,0,0,1,0,0,0,0,0,0,#CE6C8A
2VK2xEYO,Feb 16 2019,Aug 16 2023,0,4,1,0,0,0,0,0,0,#66A89A
sahekeSelcZ,Jan 24 2012,Nov 20 2025,0,6,1,0,0,0,0,0,0,#060CE4
SsmJCOoej,Dec 15 2018,Dec 21 2022,0,0,1,0,0,0,0,0,0,#DE1238
CHYLoE,Nov 21 2024,Mar 25 2025,1,6,1,0,0,0,0,0,0,#655059
GTCUGxeenA,Sep 26 2013,Dec 28 2022,0,3,1,0,0,0,0,0,0,#3B4318
5soTOEhy6bv,Jul 11 2023,Oct 09 2025,0,10,1,0,0,0,0,0,0,#50A330
iAR94W,Feb 25 2013,Oct 01 2022,0,1,1,0,0,0,0,0,0,#D09060
QmIsunz,May 04 2021,Jun 02 2023,1,10,1,0,0,0,0,0,0,#2A322C
dAbPqZ2vNaIe,Dec 30 2013,Nov 05 2024,0,0,1,0,0,0,0,0,0,#6D26D6
LEiP6eyD,Jan 11 2020,Dec 07 2022,0,0,1,0,0,0,0,0,0,#D9F280
rPX5Z7tZFU,Jan 21 2018,Dec 22 2021,0,0,1,0,0,0,0,0,0,#BB31A9
FeEx9SelZL,Oct 25 2020,Aug 19 2023,0,0,1,0,0,0,0,0,0,#69CA76
58eGgfL6uJA,Apr 03 2016,May 07 2023,0,0,1,0,0,0,0,0,0,#2963AC
J88zAq2HEFX,Jul 21 2019,Oct 11 2021,0,0,1,0,0,0,0,0,0,#ED8A0B
yIJ2RECI,Apr 28 2023,Dec 28 2025,0,12,1,0,0,0,0,0,0,#F3285E
BAom0T41t,Jun 26 2017,Jun 15 2022,0,0,1,0,0,0,0,0,0,#6AFC62
DScNSjLoC,May 18 2018,Jul 08 2019,0,10,1,0,0,0,0,0,1,#C9444E
87ey00qsT0N1,Aug 27 2015,Nov 03 2020,0,44,1,1,0,0,0,0,0,#819AB8
gy0Zz4,May 03 2018,May 24 2025,0,0,1,0,0,0,0,0,0,#F7C73C
77zrxiF,Feb 28 2021,May 12 2021,0,6,2,0,0,0,0,0,0,#37978E
MbKT3Nta,Apr 26 2016,Jul 04 2021,0,12,1,0,0,0,0,0,0,#27FE69
VdTBkxkgeDb,Mar 26 2017,Sep 04 2025,0,0,1,1,0,0,0,0,0,#46A57B
eowuTiUVHr,Mar 27 2021,Aug 02 2021,0,0,1,0,0,0,0,0,0,#4871B6
4ALTgZYs,Mar 25 2017,Feb 21 2022,0,8,1,0,0,0,0,0,0,#EC359C
pkcltHmc6,Mar 23 2018,Mar 02 2024,0,43,1,0,0,0,0,0,0,#595BFB
gtBB103,Feb 18 2020,Aug 16 2024,0,1,1,0,0,0,0,0,0,#CA8387
FiAeDSZDE,Dec 07 2022,Aug 17 2025,0,9,1,0,0,0,0,0,0,#F472E5
XiJTNfzNliOo,Oct 02 2019,Jun 11 2021,0,0,1,0,0,0,0,0,0,#030F1B
rwMxHFebnJ,Jun 02 2013,Jan 24 2024,0,0,1,0,0,0,0,0,0,#6A667C
MHAqhvePN,Nov 24 2021,Mar 31 2023,0,0,1,0,0,0,0,0,0,#AA250A
I9awGflmV,Oct 18 2019,Dec 09 2019,0,0,1,0,0,0,0,0,0,#0DEEE8
7FfNWy,Jan 18 2017,Apr 20 2023,1,8,1,0,0,0,0,0,0,#B44A57
p1940Px,Jan 24 2020,Jul 06 2025,0,0,1,0,0,0,0,0,0,#8879D7
GnlnMxm,Mar 01 2013,Sep 13 2023,0,13,1,0,0,0,0,0,0,#F73094
sLbyIQyi,Jul 01 2020,Jun 17 2022,0,8,1,0,0,0,0,0,0,#9BFCE0
nZZHgzsP2bP,Jan 15 2023,Apr 23 2024,0,0,1,1,0,0,0,0,0,#237E06
JtFcWdI,Jul 21 2016,Feb 14 2023,0,0,1,0,0,0,0,0,0,#9EE002
JGSlVEu,Nov 02 2020,May 12 2023,0,5,1,0,0,0,0,0,0,#B3CD18
fklGbZt,Aug 09 2019,Mar 24 2022,0,7,1,1,0,0,0,0,0,#622D82
wH7B4KDHx9,Nov 01 2020,Jul 03 2025,0,2,1,0,0,0,0,0,0,#D03F1E
soWyQgDhNd8,Aug 11 2021,Feb 20 2025,0,0,1,0,0,0,0,0,0,#1ED35A
8Q2g0cM,Apr 03 2012,Apr 23 2022,0,0,1,0,0,0,0,0,0,#8198F3
xXA6RqC,Mar 03 2012,May 10 2020,0,12,1,0,0,0,0,0,0,#ABDC72
APIfiAylDkKh,Sep 02 2018,Oct 30 2025,0,0,1,0,0,0,0,0,0,#B44BCC
FMK98LgvXvzH,May 31 2017,Feb 09 2020,0,0,1,0,0,0,0,0,0,#A36E4E
hY9Dg5PR,Sep 05 2014,Mar 16 2023,0,8,1,1,0,0,0,0,0,#2C823D
qa4F6k2nidu,Nov 10 2016,Mar 07 2024,0,9,1,0,0,0,0,0,0,#4197D5
3uCVVDnqr2,Aug 16 2012,Apr 15 2025,0,4,1,0,0,0,0,0,0,#3065E6
BHM9okAbaJW5,Mar 19 2017,May 28 2019,0,9,1,0,0,0,0,0,0,#422604
RzCV6jjI,Nov 14 2019,Jan 03 2021,0,8,1,0,0,0,0,0,0,#818514
y6t7ZFu0Hi,Mar 23 2012,Jul 13 2025,0,1,1,1,0,0,0,0,0,#BAB02D
zAyUtI4hERL,Mar 10 2020,Nov 04 2021,0,0,1,0,0,0,0,0,0,#6190C5
DyWYkwa1,Oct 14 2012,Feb 13 2025,0,4,1,0,0,1,0,0,0,#EB49BE
whA9Lc9Y,Dec 18 2017,Jan 21 2025,0,8,1,1,0,0,0,0,0,#417E2B
dhK4HrAptCF,Apr 09 2015,Dec 31 2022,0,0,1,0,0,0,0,0,0,#445868
QT9ozKppyH,Oct 19 2016,Jun 05 2020,0,0,1,1,0,1,0,0,0,#451D48
kPc3DS,Apr 19 2023,Jun 13 2024,0,11,1,0,0,0,0,0,0,#B5075B
TJ4ZM69juXke,Jul 30 2020,Oct 17 2023,0,0,3,0,0,0,0,0,0,#DDABC7
7uPxx0453c,Apr 10 2012,Jan 22 2022,0,7,1,0,0,0,0,0,0,#69CCC7
q9fzBn,Apr 16 2024,Oct 16 2024,0,0,1,0,0,0,0,0,0,#8169E0
HnK5fvO,Nov 26 2019,Apr 26 2024,0,9,1,0,0,0,0,0,0,#B93CE6
hcmoTvy,Jul 07 2016,May 31 2022,0,5,2,0,0,0,0,0,0,#BFF857
LcCcQO,Sep 21 2023,Jan 09 2024,0,7,1,0,0,0,0,0,0,#1AD91E
dfGkjamN6,Apr 05 2016,Sep 07 2019,0,27,1,0,1,0,0,0,0,#BBA6B7
2BOHJN,Dec 20 2015,Apr 12 2023,0,10,1,0,0,0,0,0,0,#0868E7
OdcxkZ,Jul 15 2020,Nov 25 2024,1,1,1,0,0,0,0,0,0,#7AD9DF
VBWMr77hkPB,Jun 01 2020,Nov 27 2020,0,63,1,0,0,0,0,0,0,#85AD53
5PTRlJkZ3cRw,May 01 2024,Jun 10 2025,1,0,1,0,0,0,0,0,0,#AB025A
OjaO8LeHm,Jul 28 2022,Mar 28 2025,0,0,1,0,0,0,0,0,0,#0C9401
wZEyrijlEJqr,May 18 2014,Nov 01 2022,1,8,1,0,0,0,0,0,0,#BDBAF6
skjsIYYBI,Mar 28 2020,Aug 24 2021,0,11,2,0,0,0,0,0,0,#ED81BA
2ktvhBG,Apr 16 2014,Oct 06 2024,0,12,1,0,0,0,0,0,0,#BF5886
93rphLPKU0YX,Mar 10 2016,Mar 10 2025,0,11,1,1,0,0,0,0,0,#8141FB
uxeJFkBX6ERW,Nov 03 2022,Aug 14 2023,0,0,1,0,0,0,0,0,0,#BA37FF
YP4zCu2HN,Feb 22 2022,Jan 12 2025,0,10,1,0,0,0,0,0,0,#780DC6
wvBY8RV,Aug 23 2023,Jun 13 2024,0,2,1,0,0,0,0,0,0,#2CA217
06YBd6go80I,Feb 04 2012,Apr 22 2021,0,3,1,0,0,0,0,0,0,#153D3C
4sTnCfx78Q0W,Nov 14 2012,Jun 24 2023,1,19,1,0,0,0,0,0,0,#A95E8D
EzmMcHnagdy,Jul 13 2023,Feb 23 2025,0,6,1,1,0,0,0,0,0,#5D689B
rchk12TGfKL,Dec 13 2019,Sep 01 2023,0,9,1,0,0,0,0,0,0,#9ECD9A
XdBg9u9,May 28 2023,Feb 26 2024,0,11,1,0,0,0,0,0,0,#92B26E
Jjpfhf,Feb 07 2023,Nov 11 2024,0,9,1,0,0,0,0,0,0,#3C3D2E
aVxe1kROjG,Apr 14 2012,Dec 08 2022,0,3,1,0,0,0,0,0,0,#69EA8D
9eZ9L1apYhia,Nov 17 2016,Jul 21 2024,0,0,1,1,0,0,0,0,0,#99A1B0
iW123lvvLnVY,Jan 09 2020,Apr 07 2024,1,0,1,0,0,0,0,0,0,#361AFC
KbjPpY,Mar 06 2022,Sep 26 2025,0,12,1,0,0,0,0,0,0,#C6059B
iFZc3w,Sep 23 2021,Jan 14 2024,0,4,1,0,0,1,0,0,0,#46AFA8
4WkGuI4ryg8Y,Jul 08 2016,Aug 22 2019,1,0,1,0,0,0,0,0,0,#819216
QnUBIR0WIPHg,Mar 03 2013,Jan 16 2024,0,0,1,0,0,0,0,0,0,#6FC5AD
hESt833,Dec 05 2012,Sep 28 2019,0,8,1,0,0,0,0,0,0,#DB2315
aIGRwL,Dec 31 2020,Jul 09 2023,0,8,1,0,0,0,0,0,0,#FCAE06
p3FzjbUjmXU,Sep 08 2018,Nov 17 2019,0,0,1,0,0,0,0,0,0,#649F98
uKzTdnVpl9qb,Aug 26 2019,Oct 08 2019,0,5,1,0,0,0,0,0,0,#75DD93
LhCqLCgj,Mar 21 2017,Oct 01 2019,0,13,1,0,0,0,0,0,0,#0B807B
1EMiC3EsxMj,Jun 01 2017,Jul 25 2022,1,3,1,0,0,0,0,0,0,#C43D43
GgekirsZ,Mar 18 2020,May 16 2020,0,1,1,0,0,0,0,0,0,#27A04F
s2ldCQUVH,Oct 13 2014,Feb 21 2022,1,0,1,0,0,0,0,0,0,#ACE4D7
7BwhwLPc,Dec 18 2013,Jan 10 2023,0,0,1,0,0,0,0,0,0,#5CAC87
bDVdDx,Nov 02 2013,Oct 21 2021,0,0,1,0,0,0,0,0,0,#F8C347
0kY1MbXXi8sd,Jan 17 2019,Oct 15 2023,0,0,1,0,0,0,0,0,0,#5189BE
or96uO,Dec 05 2014,Aug 04 2022,0,0,1,0,0,0,0,0,0,#EF177D
a7vfdxulsS,Dec 19 2013,Oct 13 2021,0,0,1,0,0,0,0,0,0,#968EE3
IlLqAk6,Mar 02 2016,Apr 04 2023,0,0,1,0,0,0,0,0,0,#CE5570
BuazDHg8NELG,Nov 25 2019,Nov 28 2025,0,6,1,0,0,0,0,0,0,#8A8F30
UWKQuO41SUI,Feb 07 2015,May 13 2022,0,17,1,1,0,0,0,0,0,#F665F4
6cXd1LVO,Dec 06 2019,Aug 16 2024,0,7,1,0,0,0,0,0,0,#09FCDA
VIfidyz,Dec 26 2015,Dec 15 2025,0,9,1,0,0,0,0,0,0,#06CA19
9VuTWn,Apr 05 2021,Nov 06 2024,0,0,1,0,0,0,0,0,0,#C55FF7
3DhyT5Jo8i4I,Jul 13 2017,Mar 21 2023,0,3,1,0,0,0,0,0,0,#3FC03F
NzxVdq,Sep 25 2022,Mar 17 2023,0,7,1,0,0,0,0,0,0,#103323
yAZs7iof,Nov 17 2019,Feb 04 2020,0,12,1,0,0,0,0,0,0,#4C755E
0VvcaBrDBg8,Oct 10 2011,Aug 25 2021,0,0,1,0,0,0,0,0,0,#539D5C
Zn7l0MNfRe,Jul 31 2017,Aug 21 2019,0,8,1,1,0,0,0,0,0,#40BD49
dCuEq6F,Apr 08 2022,Sep 26 2022,0,0,1,0,0,0,0,0,0,#DD9F6D
B80kLOXq4Da,Nov 18 2020,Oct 14 2025,0,12,1,0,0,0,0,0,0,#CB317C
Dvjy99NnhrfA,Apr 25 2022,Jun 30 2023,0,0,1,0,0,0,0,0,0,#A13C6C
wmOFOhI3OCJx,Jul 04 2018,Jun 07 2023,0,11,1,0,0,0,0,0,0,#C11947
jjUq7malLAc3,Sep 09 2023,Aug 31 2025,0,8,1,0,0,0,0,0,0,#2BB870
kEJFiV,Aug 07 2024,Jan 24 2025,0,0,1,0,0,0,0,0,0,#6028B6
CHRO2YQq,Jul 13 2011,Dec 04 2024,0,0,1,0,0,0,0,0,0,#650530
pt55WDiE29e,May 22 2018,May 23 2021,0,9,1,1,0,0,0,0,0,#00DD95
vijeE2ewEL,Oct 23 2011,Nov 26 2022,0,3,1,0,0,0,0,0,0,#2392E1
MwM1x1T,Dec 02 2014,Jul 07 2021,0,5,1,0,0,1,0,0,0,#C63A13
GRWiJgz,Feb 20 2017,Oct 09 2019,0,5,1,0,0,0,0,0,0,#441D50
5SntUyWty,Feb 05 2021,Apr 14 2025,0,0,1,0,0,0,0,0,0,#338189
rT1DTEQCTs4,Mar 20 2014,Feb 07 2024,0,0,1,0,0,0,0,0,0,#AD2624
qskCaXK,Aug 19 2020,Jul 29 2023,0,0,1,0,0,0,0,0,0,#272367
PvMn8h,Oct 30 2018,Oct 10 2022,0,12,1,0,0,0,0,0,0,#C1200D
17LpxaP,Jan 01 2025,Sep 11 2025,0,10,1,1,0,0,0,0,1,#F59427
XE6gBY2t,Feb 07 2012,Apr 05 2025,1,69,1,0,0,0,0,0,0,#516817
16e9MkGJEaF,Nov 29 2016,May 20 2023,0,5,1,0,0,0,0,0,0,#F84175
zdLtqbBKBsiC,Jul 01 2012,May 03 2025,0,37,1,0,0,0,0,0,0,#8D382A
ANSKnCaXCG,Oct 25 2017,May 28 2024,0,0,1,0,0,0,0,0,0,#861D12
jaT7GPPL0QDu,Apr 19 2023,Nov 12 2023,0,7,1,0,0,0,0,0,0,#4AD2AC
lkWyYZi,Dec 04 2017,Jan 01 2020,0,3,1,0,0,0,0,0,0,#B93279
QlpczB,Jul 17 2018,Sep 11 2025,0,3,1,0,0,0,0,0,0,#B47053
Ec0FcsPLm,May 28 2019,May 01 2020,0,0,1,0,0,0,0,0,0,#ED64A4
ziQGCvH,Nov 29 2020,May 08 2023,0,1,1,0,0,0,0,0,0,#4C5906
IU8TovemS7,Jan 06 2019,Mar 04 2024,0,6,1,0,0,0,0,0,0,#1390D9
Z7VvWcv13,Jul 21 2018,Dec 27 2019,0,0,1,1,0,0,0,0,0,#3AC911
gKfru36f,Feb 02 2017,Oct 10 2019,0,0,1,0,0,1,0,0,0,#E57E82
h9sVXdc813,May 25 2014,Aug 15 2019,0,16,1,0,0,0,0,0,0,#D58F4E
jHLWtBVEZA,Oct 15 2024,Jul 12 2025,0,10,1,0,0,0,0,0,0,#EC1B72
2tuVpBkiW,Feb 21 2016,Jun 15 2024,0,2,1,0,0,0,0,0,0,#A10CA8
SVZuIv1zRaGz,Sep 01 2015,Jul 19 2019,0,8,1,0,0,0,0,0,0,#1A77F1
r4U9c6LnQj,May 28 2024,Jul 08 2024,0,2,1,0,0,0,0,0,0,#129067
oonfE6ZVsawP,May 26 2016,Dec 22 2024,0,6,1,0,0,0,0,0,0,#53003B
5UMPnH,Dec 11 2020,Mar 15 2021,0,10,1,0,0,0,0,0,0,#86B241
w8Ujhw9AJh,Sep 04 2020,Feb 18 2024,0,8,1,0,0,0,0,0,0,#8F608A
PNQWZ9ApzP,Aug 10 2017,Dec 15 2021,0,6,1,0,0,0,0,0,0,#1E11E2
DpsDLkYj,Mar 07 2013,Feb 20 2025,0,3,1,0,0,0,0,0,0,#7589EA
LIeMz0db,Sep 18 2012,Nov 14 2023,0,0,1,0,0,0,0,0,0,#3346A8
rS7WWcS,Jan 01 2020,Jul 06 2022,0,3,1,0,0,0,0,0,0,#ECA500
sNd8qN2VNM,Oct 14 2019,Dec 14 2025,0,0,1,0,0,0,0,0,0,#D53608
BTrvmQPO,Dec 11 2017,Feb 13 2021,0,0,1,0,0,0,0,0,0,#81258A
Or4WWLid,Feb 10 2014,Feb 06 2022,0,0,1,0,0,1,0,0,0,#3FE720
4Q8P8VbbFaX5,Oct 15 2020,Jan 07 2022,0,0,1,0,0,0,0,0,0,#A53FE1
XebiwQFXed,Dec 11 2020,Mar 15 2025,0,7,1,0,0,0,0,0,0,#8A5F44
D14TppcL8d7w,May 21 2019,Aug 22 2020,0,10,1,1,0,0,0,0,0,#04F4A3
toQK25UEbQI,Feb 17 2022,Apr 15 2025,0,5,1,1,0,0,0,0,0,#F482AD
TpyckSCRJ,Jul 16 2020,Oct 07 2021,0,0,1,0,0,0,0,0,0,#98AE69
YSDLmM9LEU4g,Oct 30 2019,Apr 21 2020,0,0,1,0,0,1,0,0,0,#B0314C
gLF6Mftqh,Jul 18 2018,Jun 09 2022,0,2,1,0,0,0,0,0,0,#265E04
ij9CXOKdPS,Jan 15 2019,Aug 23 2023,0,0,1,0,0,0,0,0,0,#D6CB4B
Agf9otzRrx,Nov 08 2017,May 28 2020,0,8,1,0,0,0,0,0,0,#A03A44
evDJTNx2FX9,Mar 05 2015,Jul 25 2022,0,5,1,0,0,0,0,0,0,#CB9992
Tv1YPAiCa7f,Feb 24 2022,Feb 24 2024,0,9,1,0,0,0,0,0,0,#CB522D
gGpEL74mfL3,Nov 03 2019,Dec 10 2025,0,5,1,0,0,0,0,0,0,#22F79E
gVO6DCi,Jun 22 2011,Jan 29 2022,0,0,1,0,0,0,0,0,0,#F83EC1
LAiPsf,Oct 03 2014,Aug 24 2024,0,2,1,0,0,0,0,0,0,#AB5CB4
GUvdp7,Jun 30 2015,Jul 06 2021,0,0,1,0,0,0,0,0,0,#CE2BD8
vyyOqu,Oct 18 2020,Feb 22 2023,0,23,1,0,0,0,0,0,0,#6DE658
VTQ8Ync,Mar 21 2012,Jul 30 2019,0,3,1,0,0,0,0,0,0,#149C88
3ZIjElg,Mar 12 2016,Jan 01 2025,0,0,1,0,0,0,0,0,0,#42AD97
5RV4KUc38Vr,Mar 31 2017,Mar 15 2025,1,2,1,0,0,0,0,0,0,#6747FB
CI5XQPtP,Nov 29 2017,Sep 29 2023,1,30,1,0,0,1,0,0,0,#9DCBC9
DIaWXAJidF,May 26 2020,May 12 2021,0,0,1,0,0,0,0,0,0,#8313CD
bnflql,Nov 09 2013,Dec 16 2023,0,0,1,0,0,0,0,0,0,#F45139
WfRcZnL,Jan 12 2019,Oct 21 2024,0,21,1,0,0,0,0,0,0,#55DBEE
lL59WBPrna,Mar 30 2019,Aug 15 2025,0,30,1,0,0,0,0,0,0,#2293F8
oV8v0yCscA4,Aug 31 2017,Jun 06 2025,0,12,1,0,0,0,0,0,0,#5550D6
51E6lRa,Mar 20 2021,Jul 09 2025,0,4,1,0,0,0,0,0,0,#CF9DCD
vxHHxrOhW9,Jul 07 2020,Aug 27 2024,0,1,1,0,0,0,0,0,0,#D41F6E
GxGRof9,Sep 02 2021,Sep 26 2024,0,12,1,0,0,0,0,0,0,#B70CCC
P182OTj1rOSP,Mar 02 2021,Mar 17 2023,0,6,1,0,0,0,0,0,0,#99C7BB
drn7dZ6,Jul 29 2013,Sep 23 2019,0,8,2,0,0,0,0,0,0,#214411
K0Wief6,Oct 22 2015,Jan 23 2023,0,0,1,0,0,0,0,0,0,#CCDFCA
wdRGpn,Jan 30 2019,May 17 2019,0,2,1,0,0,0,0,0,0,#2E96B1
Qf11PBSfhVa,Apr 30 2021,Nov 15 2021,0,8,1,0,0,0,0,0,0,#58F3CD
CEey7t0Zju,Oct 20 2025,Dec 10 2025,0,10,1,0,0,0,0,0,0,#AE4602
0G7Xq19,Dec 24 2017,May 13 2025,0,0,1,0,0,0,0,0,0,#D3FB71
q7mpsD65YQ,Jul 02 2018,Jul 27 2019,0,0,1,0,0,0,0,0,0,#89CAC8
93LJp7,Nov 18 2019,Feb 28 2022,0,12,1,0,0,0,0,0,0,#4BB747
MB7piITzkN4B,Nov 28 2014,Jul 15 2021,0,0,1,0,0,0,0,0,0,#D725E8
3mlJzhjthT,Feb 23 2018,Feb 06 2022,0,18,3,0,0,1,0,0,0,#D44814
4VRME3DnDYyg,May 18 2020,Jun 16 2024,0,0,1,0,0,0,0,0,0,#63A835
jPURzbZ,Apr 14 2016,Mar 06 2020,0,0,1,0,1,0,0,0,0,#C45EAE
6U2Guqql,Jul 18 2019,Oct 17 2021,0,4,1,0,0,0,0,0,0,#0A004E
z0jhM3Oj7Uxd,Jun 14 2020,Aug 07 2021,0,6,1,0,0,0,0,0,0,#9F0F20
TxVtmKn,May 31 2019,Oct 01 2023,0,0,1,0,0,0,0,0,0,#4FF5FE
iPQZbDV,Jun 23 2021,Aug 05 2022,0,6,1,0,0,0,0,0,0,#6C0006
49sqYu0LGFcf,Feb 27 2023,Dec 19 2024,0,5,1,0,0,0,0,0,0,#A08DB7
ppRfWC9zDUV,Apr 04 2015,Aug 27 2020,0,12,1,0,0,0,0,0,0,#F2C98F
WdVjfFM1UKT,Feb 07 2012,Dec 14 2019,0,0,3,0,0,0,0,0,0,#44B117
TeC4B1sG,Oct 27 2011,Jun 30 2021,0,0,1,0,0,0,0,0,0,#825652
geLR5zjGHon,Apr 12 2013,Sep 30 2023,0,5,1,0,0,0,0,0,0,#FC75D4
WIOb2mo9Hj,Nov 09 2019,Jul 13 2021,0,30,1,0,0,0,0,1,0,#F83EE7
nBoWV7XUPVq,Jan 22 2014,Dec 17 2019,0,0,1,0,0,0,0,0,0,#E01321
w7txDvf,Aug 10 2017,Jun 11 2025,0,0,1,0,0,0,0,0,0,#FEA1FB
VpQPG74h,Jan 10 2019,Nov 07 2025,0,0,1,1,0,0,0,0,0,#13DD3D
QTZoglXpyOx,May 24 2012,Nov 26 2022,0,0,1,0,0,0,0,0,0,#E26B53
vZYTK8GS36,Jun 25 2013,Oct 24 2023,0,12,2,0,0,0,0,0,0,#CBEF9F
KsVXcoQg,Aug 22 2011,Oct 16 2021,0,0,1,0,0,0,0,0,0,#B726AB
YsrBdRS0svO,Feb 12 2023,Dec 23 2025,0,3,1,0,0,0,0,0,0,#B6D281
zzASVES,Oct 17 2015,Apr 19 2023,0,9,1,0,0,0,0,0,0,#136B02
4PodIEhrxXr6,Jun 02 2017,Mar 23 2025,0,0,1,0,0,0,0,0,0,#7602C8
wNec4vB,Jul 26 2016,Jun 19 2019,0,0,1,0,0,0,0,0,0,#B380CD
BzV7MjKH6v,Jun 18 2023,Jul 18 2025,0,8,1,0,0,0,0,0,0,#11A565
AJkUroNVSwX3,Jan 07 2023,Feb 27 2025,0,0,1,0,0,0,0,0,0,#11BF5A
MjQjXtqS,May 24 2012,Jun 27 2025,0,0,1,0,0,0,0,0,0,#FF59AE
OTuqtEs9,Nov 03 2018,Sep 03 2020,0,0,1,0,0,0,0,0,0,#52C5AA
4tSIAKw2,Jan 22 2015,Jan 17 2024,0,0,1,0,0,0,0,0,0,#E36FA2
NKXOzrjEOj1y,Jan 19 2018,Jun 22 2022,1,0,1,0,0,0,0,0,0,#98F522
wcz9n6S1K,Nov 15 2014,Mar 29 2022,0,0,1,0,0,0,0,0,0,#C99E4D
XE28PdIvT2h,Jun 03 2015,Jun 12 2021,0,3,1,0,0,0,0,0,0,#424960
bDBCUkt,Aug 03 2019,Oct 19 2021,0,6,1,0,0,0,0,0,0,#7B95F3
EYAAuqEtF,Sep 14 2011,Feb 05 2025,0,26,1,0,0,0,0,0,0,#A1804C
ShdVNPug5Z,Sep 15 2013,Jul 27 2019,0,0,1,0,0,0,0,0,0,#19F3C6
727YFeoum5,Jan 30 2016,Jan 27 2024,0,17,1,0,0,0,0,0,0,#3D935E
VQJjMdY9,Apr 06 2024,May 16 2025,0,15,1,0,1,0,0,0,0,#93F726
A3VnUlrWHD,Mar 09 2023,Aug 20 2025,0,10,1,0,0,0,0,0,0,#CB469D
8cF2Qr,May 11 2014,May 06 2020,0,0,1,0,0,0,0,0,0,#8237E8
YSycQYTSAJiL,Oct 06 2018,Jun 16 2023,0,10,1,0,0,0,0,0,0,#AFBDA4
19wMfz0bsZH,Feb 16 2017,Aug 21 2024,0,0,1,1,0,0,0,0,0,#E535A9
Z0GmtJl,Nov 17 2014,Nov 05 2025,0,9,1,0,0,0,0,0,0,#5B0630
LWB2PQF,Dec 03 2011,Jul 11 2022,0,2,1,0,0,0,0,0,0,#70E5BE
Ije3JL,Dec 30 2021,Mar 20 2025,0,43,1,0,0,0,0,0,0,#E07802
U0Z2bEQjKnh,Jul 11 2023,Dec 13 2025,0,3,1,0,0,0,0,0,0,#9D8580
2chqHBo8,May 30 2013,Nov 13 2019,0,6,1,0,0,0,0,0,0,#23913C
yjMyTt9k1clh,Aug 11 2017,Jan 06 2023,0,0,1,0,0,0,0,0,0,#038A37
i8yycPD,Sep 29 2012,Mar 22 2024,0,9,1,0,0,0,0,0,0,#CD0203
UJAlg1,Dec 10 2014,Aug 23 2020,0,11,1,0,0,0,0,0,0,#DF6C3B
V8fL4X,Oct 09 2020,Nov 06 2024,0,15,1,1,0,0,0,0,0,#E9D5DB
YApIKMHDlWAZ,Feb 24 2021,Feb 13 2023,0,8,1,0,0,0,0,0,0,#94A796
akevTr,May 25 2015,Jul 26 2022,0,0,2,0,0,0,0,0,0,#F54ABD
eJOS65EKC3ZY,Apr 19 2018,Oct 10 2024,0,6,1,0,0,0,0,0,0,#8DF272
MR9xv5KoXNx,Jun 28 2025,Jul 16 2025,0,47,1,0,0,0,0,0,0,#EBB321
q9xmNG2KIE,Aug 23 2019,May 15 2024,0,8,1,0,0,0,0,0,0,#FEE6BE
job4kbY3TuE,Oct 02 2018,Aug 30 2020,0,0,1,0,0,0,0,0,0,#5C23C3
zu00sCBe4,May 21 2018,Sep 26 2023,0,0,1,0,1,0,0,0,0,#642E59
49P4wyi7Fh,Jan 05 2014,Dec 26 2025,0,12,1,0,0,0,0,0,0,#F622F9
jpQDBCWQoteJ,Nov 19 2023,Mar 31 2025,0,6,1,0,0,0,0,0,0,#E30ED4
BxORLzCT2,Sep 11 2021,Dec 05 2024,0,0,1,0,0,0,0,0,0,#A0FD7E
wembvzZp,Sep 16 2018,Dec 30 2021,0,0,1,1,0,0,0,0,0,#B97481
4AbIAE4H,Sep 25 2022,Oct 02 2025,0,0,1,0,0,0,0,0,0,#C6BFD0
WzUqNvnW935k,Aug 20 2019,Nov 05 2023,1,11,1,0,0,0,0,0,0,#627EA0
mDZGJdLNo,Aug 28 2020,Jan 29 2025,0,23,1,0,0,0,0,0,0,#C7A210
3Jqz4KEMU8m,Apr 11 2021,Jan 20 2022,0,2,1,0,0,0,0,0,0,#752F27
EiKJarDiiN,Nov 25 2011,Sep 09 2019,0,8,1,0,0,0,0,0,0,#47E34F
dMlGriehfi,Aug 04 2017,Feb 03 2025,0,0,3,1,0,0,0,0,0,#7C0383
RDq1lpEcdIc,Oct 03 2012,Aug 19 2019,0,0,1,0,0,0,0,0,0,#DF9A27
NlJb1qF3ETZ,Dec 19 2013,Dec 08 2020,0,0,1,0,0,0,0,0,0,#69130C
X99ro7Fz63r1,Feb 03 2012,Feb 01 2021,0,3,1,1,0,0,0,0,0,#44CA4D
YDdk4j,Feb 02 2015,Dec 21 2023,0,6,1,0,0,0,0,0,0,#43E082
JlnOvQfWm,Jan 28 2017,Dec 21 2024,0,23,1,0,0,0,0,0,0,#977259
InIhj2TZag1,May 09 2015,Mar 02 2025,0,4,1,0,0,0,0,0,0,#8F8C19
Mr4NHfJwgbPa,Feb 28 2015,May 05 2024,0,0,1,0,0,1,0,0,0,#225489
rtPGT7g,May 03 2012,Jun 02 2021,0,0,1,0,0,0,0,0,0,#817391
LKqS8r1G,Dec 05 2017,Nov 17 2020,0,2,1,0,0,1,0,0,0,#9AA390
Yh88NkE,Jul 30 2022,Nov 03 2023,0,10,1,0,0,0,0,0,0,#50F9B4
iO1FI3U,Jun 10 2017,Feb 19 2023,0,0,1,0,0,0,0,0,0,#4F2705
QdoBu30g,Sep 03 2021,May 28 2023,1,7,1,1,0,0,0,0,0,#AE55B3
yTwFPUCR,Jul 05 2021,Jan 21 2025,0,1,1,0,0,0,0,0,0,#E3DB68
Z4pbrfXO,Feb 21 2015,May 15 2020,0,11,1,0,0,0,0,0,0,#768214
h2TAc0B20L,Aug 27 2014,Sep 13 2023,0,6,1,0,0,0,0,0,0,#6BED56
6Z6M42lL6,Sep 28 2016,Mar 10 2025,0,9,1,0,0,0,0,0,0,#27AD86
td6pTbuhd,Feb 28 2016,Oct 28 2021,0,11,1,0,0,0,0,0,0,#799A36
8oCsSOuz,Jan 10 2013,Sep 04 2019,0,0,1,0,0,0,0,0,0,#781201
5OOjBB,Aug 23 2019,Sep 03 2022,0,0,1,0,0,0,0,0,0,#D05BD0
s4UlKHGM6YU,Sep 19 2023,Nov 26 2025,0,5,1,0,0,0,0,0,0,#030816
jAJ0GbThMrZZ,Sep 15 2013,Dec 30 2019,0,0,1,0,0,0,0,0,0,#19791D
oNu4fAH,Mar 01 2023,Apr 09 2025,0,4,1,0,0,0,0,0,0,#5A14D6
ZFC1SfX,Sep 16 2011,May 09 2020,0,0,1,0,0,0,0,0,0,#3CF2CF
kmUbnxuhN,Sep 20 2019,Sep 09 2025,1,4,1,0,0,0,0,0,0,#18E4E2
IkwWpTX5QG,Dec 17 2014,Sep 13 2019,0,11,1,0,0,0,0,0,0,#575372
fsEszAnzf,Jan 09 2015,Mar 06 2024,0,12,1,0,0,0,0,0,0,#C8E94C
CRxOMIeF,Aug 25 2014,Jan 03 2022,0,4,1,0,0,0,0,0,0,#2ACFAB
gyeOKUfLIx9,Aug 23 2025,Oct 11 2025,1,10,1,0,0,0,0,0,0,#EEBA7E
W1k96f,Aug 21 2014,Dec 26 2023,0,0,1,0,0,0,0,0,0,#C411D1
egJsmhkBO,Dec 01 2015,Sep 18 2022,0,0,1,0,0,0,0,0,0,#B4AA46
FhhKNRl,Dec 02 2017,Oct 15 2023,0,0,1,0,0,0,0,0,1,#676CB5
pZr6mGBlzo,Oct 25 2015,Jun 16 2025,0,0,1,0,0,0,0,0,0,#DC3EF1
1MwjxKR,Apr 14 2013,Feb 25 2022,0,0,2,0,0,0,0,0,0,#39AAC3
kmEF1JL,May 20 2017,Sep 04 2024,0,10,1,0,0,0,0,0,0,#A7A7B6
SgWyfGL34q,Mar 06 2012,May 12 2020,0,0,1,0,0,0,0,0,0,#F1D2B9
n4XDww,Sep 14 2024,Jun 18 2025,0,0,1,0,0,0,0,0,0,#AF9017
gQmdKhDZQ,Aug 15 2021,Jan 11 2024,0,0,1,0,0,0,0,0,0,#371A5B
uknXvpfWAan,Aug 04 2014,Dec 06 2025,0,66,1,0,0,0,0,0,0,#1B76DD
ZUYDhTg3hm,Jul 03 2022,Jun 03 2023,0,0,1,0,0,1,0,0,0,#043A77
HxIC9xaNbtL,Dec 04 2019,Jul 27 2022,0,6,1,0,0,0,0,0,0,#DB666A
TjhiXrlEH2UF,Jan 18 2020,Dec 26 2022,0,5,1,0,0,0,0,0,0,#0B6D19
XVr0PxtzsH,Nov 25 2011,Jan 28 2021,0,4,1,0,0,0,0,0,0,#6E877F
iDqOrS,Jul 04 2013,Oct 18 2019,0,12,1,0,0,0,0,0,0,#29B542
HFkTld,Jun 11 2014,Dec 26 2023,0,4,1,0,0,0,0,0,0,#73F1E5
NPLaYx,Dec 20 2017,Mar 20 2020,0,11,1,0,0,0,0,0,0,#C7B56D
BcCFD1yf5,Oct 31 2022,Feb 19 2025,1,0,1,0,0,0,0,0,0,#EB0615
Ul1OC53b,Jan 02 2021,Jun 05 2024,0,7,1,1,0,0,0,0,0,#C7694D
MAyuVQR6,Oct 18 2017,Jan 17 2021,0,0,1,0,0,0,0,0,0,#EC306D
2b9jXOCBKiJ,Jan 07 2021,Jun 14 2023,0,1,1,0,0,0,0,0,0,#7F0B1B
lSLPpkJS,Jul 25 2017,Oct 18 2022,0,0,1,0,0,0,0,0,0,#B65CBA
1Srbknewnv8,Feb 28 2025,Dec 14 2025,0,0,1,0,0,0,0,0,0,#DD3F5A
ZfvlpaAfwG3,Jul 17 2019,May 06 2024,0,0,1,0,0,0,0,0,0,#0BDCB2
3TXyPwvSnmUq,Jan 20 2012,Apr 24 2024,1,0,1,0,0,0,0,0,0,#B5411B
26kgxN,Aug 16 2014,Sep 24 2021,0,0,1,0,0,0,0,0,0,#F628C4
KHNrPQ7,Apr 18 2023,Apr 19 2024,0,0,1,1,0,0,0,0,0,#4FCA29
BGQlkxprb65,Jul 18 2021,Oct 22 2025,0,0,1,0,0,1,0,1,0,#CB7A23
dNGomAWU,Apr 30 2012,Feb 28 2021,0,5,1,0,0,0,0,0,0,#CD27D5
zsCa5DWsO0,Aug 31 2019,Feb 02 2021,0,0,1,0,0,0,0,0,0,#E8C348
PQPFb3unmo,Aug 18 2013,Sep 15 2024,0,0,1,0,0,0,0,0,0,#F257C9
yvcqX6GVD6TC,Feb 06 2014,Jan 11 2021,0,0,1,0,0,0,0,0,0,#5EF588
a4G8x8aRZIn,Aug 13 2019,Oct 09 2025,0,3,1,0,0,1,0,0,0,#20E3E1
XH0HyfwePyVE,Nov 13 2019,Nov 08 2023,0,11,1,1,0,0,0,0,0,#147445
vfdCDujBB,Aug 11 2020,Jun 04 2021,0,7,1,0,0,0,0,0,0,#E79FD2
LSuCLre,Mar 01 2017,Oct 22 2023,0,12,1,0,0,0,0,0,0,#9A1A30
suOo0MiT,Mar 05 2013,Jun 09 2021,0,0,1,0,0,0,0,0,0,#98081A
101fUA9pN,Aug 25 2022,Mar 26 2024,0,9,1,0,0,0,0,0,0,#E48B54
ZYvIYoBLBjk,Aug 05 2020,Dec 27 2024,0,21,1,0,0,0,0,0,0,#40DA2D
canjBsI,Oct 09 2017,Aug 24 2019,1,18,1,0,0,1,0,0,0,#4DAF36
UaIioSWb,Sep 17 2017,Mar 14 2022,0,0,1,0,0,0,0,0,0,#A0D900
WfZXJUiD,Feb 06 2014,Nov 07 2023,0,10,1,0,0,0,0,0,0,#113D25
Ge1KAwP72hD,Sep 30 2014,Dec 02 2025,0,0,1,0,0,0,0,0,0,#F75827
a2Q37knUw6,Feb 17 2018,Dec 27 2024,0,0,1,0,0,0,0,0,0,#DC5D60
73ojxmS,Jul 14 2016,Nov 02 2021,0,0,1,0,0,0,0,0,0,#FC6FD5
4pOAAd,Mar 09 2022,Oct 04 2024,0,6,1,0,0,0,0,0,0,#627231
V9MRuQU1b,Nov 20 2011,Sep 01 2020,0,22,1,0,0,0,0,0,0,#CC63F3
HHoDVSe,May 28 2013,Apr 07 2025,0,7,1,0,0,0,0,0,0,#84F8A4
FkKPNwiJY6Kw,Jan 02 2013,Nov 27 2021,0,10,1,1,0,1,0,0,0,#36C88C
iFthZQ,Dec 26 2017,Aug 24 2021,0,10,1,0,0,0,0,0,0,#AB28FF
6GOj8I,Feb 02 2018,Sep 03 2023,0,0,1,0,0,0,0,0,0,#3D2CCA
vDbO7tilk6P,Oct 26 2022,Feb 21 2025,0,0,1,0,0,0,0,0,0,#BBE28E
BYxWR9nJ8,Apr 23 2020,Jan 06 2025,0,15,1,0,0,0,0,0,0,#C7135D
VjvcViTNVGs,Jan 17 2012,Apr 24 2022,0,0,1,0,0,0,0,0,0,#2E16DE
T2X8XdfeV,Oct 05 2019,Mar 05 2022,0,0,1,1,0,0,0,0,0,#527407
HnXrLKi,Mar 21 2017,Jan 01 2024,0,10,1,0,0,0,0,0,0,#F5825E
YWMIUK,Mar 25 2013,Dec 31 2022,0,61,1,0,0,0,0,0,0,#F5126B
Sv30KSTa,Oct 26 2016,Oct 05 2020,0,11,1,0,0,0,0,0,0,#D26E9B
JIXmNtomYIko,Sep 04 2011,Feb 21 2024,0,4,1,1,0,0,0,0,0,#22D068
R04dib3C,Sep 25 2013,Jun 01 2019,0,0,1,0,0,0,0,0,0,#286129
XuehKLOiIa,Dec 30 2014,Jun 20 2025,0,1,1,0,0,0,0,0,0,#D0EE94
snFpBi,Oct 22 2014,Jun 30 2021,0,5,1,0,0,0,0,0,0,#197453
DUJkTtwqB5,Jul 01 2012,Apr 28 2022,0,0,1,0,0,0,0,0,0,#219024
H6OYBneMq9t,Oct 02 2020,Jan 01 2023,1,0,2,0,0,0,0,1,0,#8DB148
gqg83Jg5f6S,Nov 11 2019,Nov 17 2023,0,12,1,0,0,0,0,0,0,#989EF0
rFgUGAPpp,May 25 2023,Dec 31 2024,0,0,1,0,0,0,0,0,0,#EE50A3
P1vxJGnjehl,Feb 01 2017,Mar 17 2022,0,0,1,1,0,0,0,0,0,#C9F9F0
augiPmkxj,Apr 15 2020,Feb 14 2022,0,7,1,0,0,0,0,0,0,#A7DDAA
4xkwDbHKB,Jan 29 2017,Nov 23 2023,0,1,1,0,0,0,1,0,0,#B9E6AF
NUSiBIsBAnJ,Jun 16 2012,Feb 19 2022,0,0,1,0,0,0,0,0,0,#431BA1
xmdhZXhjoH5,Sep 05 2024,Oct 24 2024,0,12,1,0,0,0,0,0,0,#552D51
yF9fNH,Sep 10 2020,Oct 06 2022,0,6,1,0,0,0,0,0,0,#47DAED
Mqf6dy0B,Dec 05 2022,Oct 03 2023,0,0,1,1,0,0,0,0,0,#DA2AE6
Ps0uys1SUn,Jan 21 2013,Apr 28 2022,0,5,3,0,0,0,0,0,0,#193841
EEQ9U0Tzr0Ed,Mar 02 2014,Mar 06 2024,0,0,1,0,0,0,0,0,0,#AAED28
NRc2UJ,May 07 2013,Aug 21 2025,0,9,1,0,0,0,0,0,0,#B05FF5
FIogoI5qROf,Mar 05 2024,Aug 29 2024,0,0,1,0,0,0,0,0,0,#32109D
0fct9fp2EA0w,Apr 10 2023,May 07 2024,0,12,1,0,0,0,0,0,0,#D6D828
ZXpYik,Jun 30 2023,Jan 05 2024,0,0,1,0,0,0,0,0,0,#32F73A
rYa5Xx1eL,Dec 02 2019,Mar 09 2024,0,0,1,0,0,0,0,0,0,#6C3427
X5EiYRvAd4,Feb 03 2015,Aug 11 2022,1,2,1,0,0,0,0,0,0,#321EFD
3gI7shSDd,Oct 18 2012,Oct 15 2024,0,4,1,0,0,0,0,0,0,#853675
AOYjttzX,May 11 2017,Dec 20 2019,0,1,1,0,0,0,0,0,0,#7DD244
xFSy7pJ,Oct 24 2022,Dec 02 2023,0,0,1,0,0,0,0,0,0,#79ECD4
T0xhnjjL5,May 02 2017,Jan 31 2025,0,0,1,0,0,0,0,0,0,#32AB5D
TUBnTUvEY,Oct 21 2019,Feb 23 2021,0,7,1,0,0,0,0,0,0,#86BB1F
s801KfsXoW,Apr 25 2012,Sep 27 2022,0,0,1,0,0,0,0,0,0,#2E7D1F
CLtcYt,Dec 18 2018,Oct 01 2021,0,1,1,0,0,0,0,0,0,#94105C
SC8Mauju8vCP,Feb 12 2017,Jan 16 2025,0,7,1,0,0,0,0,0,0,#D3F331
oJGlcqF0foQ,May 18 2015,Jun 06 2019,0,0,1,0,0,0,0,0,0,#E57B01
qJaZVGPv,May 24 2023,Apr 17 2024,0,0,1,0,0,0,0,0,0,#7A30E8
XUNaeZjcH,Nov 29 2016,Dec 28 2020,1,4,1,0,0,0,0,0,0,#C5C636
Fk6YcR0FXW,Oct 17 2011,Mar 11 2024,0,4,2,0,0,0,0,0,0,#2841CC
M57rq8,Mar 28 2017,Aug 07 2024,0,0,1,1,0,0,0,0,0,#E62FE6
SODQPZuLA7W,Jul 23 2013,Apr 05 2024,0,12,1,1,0,0,0,0,0,#3847F9
WLp2T67tePv,Mar 23 2014,Feb 02 2024,0,6,1,0,0,0,0,0,0,#A839FE
oFmMmMazJ4W,Oct 20 2019,Feb 18 2024,0,5,1,0,0,0,0,1,0,#C7928C
ns9KIZyqf,Nov 22 2016,Oct 05 2023,0,0,1,0,0,0,0,0,0,#5ED51F
fupzcXkt,Dec 16 2021,Feb 02 2022,0,0,2,0,0,0,0,0,0,#D4AD74
buCQGe,Mar 26 2022,Sep 11 2024,1,6,1,0,0,0,0,0,0,#38ADB6
rwNCrwTkMw3w,Oct 14 2011,Jun 08 2024,0,0,1,0,0,0,0,0,0,#A697E0
zxUiAgO2,Sep 22 2012,Aug 16 2021,0,8,1,0,0,0,0,0,0,#8BD934
hRXhR99l,Apr 11 2025,Nov 07 2025,0,0,1,0,0,0,0,0,0,#F34764
AcGeeG2NnO,Jul 08 2014,Jul 14 2024,0,0,1,0,0,0,0,0,0,#CD76D5
b9k5f4,May 19 2020,Nov 17 2023,0,29,1,0,0,0,0,0,0,#E62B2B
GL6K3L0B,Apr 06 2019,Feb 13 2025,0,4,1,0,0,0,0,0,0,#928455
3xbf9O6rNFko,Nov 14 2014,Feb 03 2022,0,0,1,0,0,0,0,0,0,#F9BFF7
cFwoSMRC3NX,Jan 23 2016,Jul 24 2023,1,0,1,1,0,0,0,0,0,#C7E2B2
kZNlj5y7,May 12 2022,Mar 19 2024,0,0,1,0,0,0,0,0,0,#E2EB67
5gBkadpQ,Jul 24 2021,Jan 20 2025,0,0,1,0,0,0,0,0,0,#26F07F
KVexBi6IasX8,Jun 02 2019,Dec 09 2024,1,10,1,1,0,0,0,0,0,#0FAEC6
RQCYG3r,Dec 07 2018,Aug 07 2023,0,7,1,0,0,0,0,0,0,#39D3CC
1yrDYles,Nov 28 2024,Jun 20 2025,1,3,1,1,0,0,0,0,0,#946ED4
Qpz6xauNWm3A,Nov 27 2021,Dec 21 2021,0,7,1,0,0,0,0,0,0,#ACD5A4
PD0j5eh,Aug 07 2019,Aug 28 2024,0,0,1,0,0,0,0,0,0,#27021C
LsDskh,Mar 30 2018,Apr 02 2021,0,7,1,0,0,0,0,0,0,#88BCA0
VBTuJ70,Jan 11 2013,Jan 08 2025,0,18,1,0,0,1,0,0,0,#4911A1
qmBQg5w7DThS,Dec 30 2014,Dec 17 2023,0,4,1,0,0,0,0,0,0,#5F1DD6
eIvTri7Wt,Jan 23 2017,May 29 2021,0,11,1,0,0,0,0,0,0,#288580
QYJT2V5ut2Aj,May 08 2020,Jun 19 2023,0,6,1,0,0,0,0,0,0,#F2A1D7
J6KiIkUu,Jun 25 2013,May 24 2024,0,0,1,1,0,0,0,0,0,#782C44
2KeJQQ2A,Oct 11 2016,Apr 18 2024,0,0,1,0,0,0,0,0,0,#2FB1DD
RFU937KFa1j,Mar 16 2017,Dec 31 2019,0,11,2,0,0,0,0,0,0,#BCB374
D0LMPho3hpaE,Jun 03 2021,Mar 07 2025,0,0,1,0,0,1,0,0,0,#02CF8D
rMtpkzbNv,Aug 19 2019,Feb 15 2020,0,10,1,0,0,0,0,0,0,#5FB012
fooDOt4Hr,Dec 11 2015,Jun 17 2020,0,7,1,0,0,0,0,0,0,#B8F177
Klzk5K,May 06 2014,Jul 07 2022,0,7,1,0,0,0,0,0,0,#4D03DF
Xz5QXbO,Sep 10 2019,May 23 2022,0,0,1,0,0,0,0,0,0,#8FF26A
XbsIKG1SDs,Apr 12 2021,Jun 01 2022,0,9,1,0,0,0,0,0,0,#87E507
E0fmj53M,Aug 27 2013,May 29 2021,0,0,1,0,0,0,0,0,0,#333B0A
mBk4mTY,Oct 02 2021,Mar 06 2025,0,5,1,0,0,0,0,0,0,#E856D5
CIiekw,Jul 30 2016,Nov 24 2021,0,0,1,0,0,0,0,0,0,#B7278A
n3Qyx3Wvr05,Jun 05 2022,Aug 17 2023,0,11,1,0,0,0,0,0,0,#31D4F7
gHRrzm5TjlWw,Jan 31 2016,May 01 2021,0,3,1,0,0,0,0,0,0,#7292BC
3I69Ur6FF2n,Sep 07 2020,Jul 06 2022,1,16,1,0,0,0,0,0,0,#580B8D
QTyMZOU,Jun 04 2019,Dec 15 2024,0,6,1,0,0,0,0,1,0,#9419D3
gN9XK4TV,May 19 2013,Dec 08 2021,0,12,1,0,0,0,0,0,0,#0D6F3F
2YtGsDvyT,Jul 16 2013,Apr 18 2022,0,7,1,0,0,0,0,0,0,#F7C718
311gsX,Feb 27 2019,Sep 14 2024,0,0,1,0,0,0,0,0,0,#E22AC1
6qH78r8CfXS,Jan 25 2014,Apr 18 2023,0,3,1,0,0,0,0,0,0,#A76E43
WW25vJ,Dec 15 2013,Aug 23 2022,0,0,1,0,0,0,0,0,0,#B554CE
yE1gB3BkkL,Apr 05 2023,Jun 17 2023,0,0,1,0,0,0,0,0,0,#D2A327
2KKfvK4M,Dec 17 2019,Apr 25 2022,0,0,1,1,0,0,0,0,0,#97ADBB
8JTEvZcQ,Feb 24 2021,Nov 25 2021,0,5,1,1,0,0,0,0,0,#ED0D59
XvsPVsgyCV0Q,Feb 11 2022,Nov 11 2023,0,9,2,0,0,1,0,0,0,#0C7AB6
WdGutLPDq,Aug 19 2011,Jan 31 2022,0,11,1,0,1,0,0,0,0,#9D59F7
kCr0rHyybJSM,Feb 14 2020,Jul 14 2023,0,0,1,0,0,0,0,0,0,#1777D5
HdUfcMuHs,Nov 28 2015,Feb 05 2022,0,7,1,0,0,1,0,0,0,#C7C0DE
F9en8X5z,Sep 19 2015,Mar 25 2020,0,8,1,0,0,0,0,0,0,#C5969F
aEACVgeZ,Apr 16 2022,Jun 13 2023,0,0,1,0,0,0,0,0,0,#D144AF
hblro0qiyo,Jul 25 2022,Dec 09 2023,0,11,1,0,0,0,0,0,0,#CE07DA
yqrCVf,Nov 01 2020,Jan 03 2023,0,1,1,0,0,0,0,0,0,#B0488F
RdvDEI,Sep 13 2014,Apr 19 2024,0,10,1,0,0,0,0,0,0,#D5C602
soFhaRuEzl,Apr 08 2014,Sep 07 2021,0,0,1,0,0,0,0,0,0,#6C08DC
pKHiar,Aug 16 2022,Sep 06 2024,0,1,1,0,0,0,0,0,0,#8DC40F
u4xIJwVa,Oct 01 2019,Aug 24 2025,0,7,1,0,0,0,0,0,0,#61D2CF
AbEwwY,Sep 30 2013,Nov 30 2023,0,4,1,1,0,0,0,0,0,#0C03DF
76ZoAlJWrrqA,Dec 10 2020,Sep 21 2022,0,2,2,0,0,0,0,0,0,#2BB50D
HGvBLzX8vV,Aug 18 2021,Nov 03 2021,0,5,1,0,0,1,0,0,0,#31F16C
SCMJQVbaOsz8,Feb 21 2012,Jun 26 2020,0,0,1,1,0,0,0,0,0,#D03008
QtU9e1,Dec 24 2023,Dec 15 2024,0,1,1,0,0,0,0,0,0,#A2C31A
MiPCL8j,Jan 14 2022,Jan 08 2024,0,6,1,0,0,0,0,0,0,#F42486
cPdJlPQ,Aug 16 2025,Aug 27 2025,0,4,1,0,0,0,0,0,0,#D94AF0
Jmwdma8JZ,Jan 05 2022,Dec 22 2024,0,8,1,0,0,0,0,0,0,#502F34
IxOrvJO,Mar 27 2016,Jan 02 2025,0,8,1,0,0,0,0,0,0,#AD84BD
vZw1UOW,Jun 04 2020,Aug 23 2021,0,0,1,1,0,0,0,0,0,#2349B7
Y58Mbb,Jun 02 2014,Nov 02 2024,0,0,1,0,0,0,0,0,0,#87710D
hgIeB1xwv30,Aug 10 2011,Jul 22 2022,0,10,1,0,0,0,0,0,1,#8977BC
o2sWLrlugA,Jun 06 2011,Apr 13 2021,0,0,1,1,0,0,0,0,0,#516DEF
3qIT9gAgJJOl,Apr 23 2013,Jan 26 2023,0,0,1,0,0,0,0,0,0,#B01547
TFGTv7Oh,Aug 23 2023,Dec 24 2024,0,4,1,0,0,0,0,0,0,#D21EFD
jdZ8VDnbPSff,Sep 26 2017,Aug 24 2024,0,29,1,0,0,0,0,0,0,#1DD01C
U2rpKD0eZz,Jun 24 2011,Jun 04 2025,0,8,1,0,0,0,0,0,0,#2554A0
dhlqoMx9L,Dec 12 2021,Aug 14 2025,0,0,1,0,0,0,0,0,0,#8E0310
j2IJxqaSy0Lf,Oct 28 2023,Jun 23 2024,1,0,1,0,0,0,0,0,0,#A639F7
rzQ0Wh3z,Mar 05 2021,May 23 2025,0,0,1,0,1,0,0,0,0,#B5726F
M29jNmHKy3n4,Jul 15 2016,Jan 17 2022,0,11,1,0,0,0,0,0,0,#45D93A
WMiNOX,Nov 07 2020,Jun 28 2021,0,8,1,1,0,0,0,0,0,#E8C17C
ANO1aLKK,Jul 20 2011,Sep 08 2024,0,11,1,0,0,0,0,0,0,#E3A3A5
hNgytLvM,Apr 27 2021,Jun 05 2022,0,11,1,0,0,0,0,0,0,#565F43
liSnjjSaljd,Dec 02 2021,Sep 07 2024,0,9,1,0,0,0,0,0,0,#31DCA9
PTLtEhIyw,Mar 02 2015,May 31 2021,0,0,1,0,0,0,0,0,0,#C69375
yUXYfgg,Feb 22 2018,Jun 18 2022,0,9,1,0,0,0,0,0,0,#D6316D
qLU03THXR,Jul 09 2020,Jun 23 2023,0,20,1,0,0,0,0,0,0,#73A9C6
tvcSiwGRzm5,Apr 24 2019,Nov 11 2020,0,0,1,0,0,0,0,0,0,#6F20BC
51TQ0X,Nov 15 2019,Nov 23 2025,0,0,1,0,0,0,0,0,0,#E2E10C
aOzwiEB,Jul 22 2019,Jan 27 2020,0,0,1,0,0,0,0,0,0,#E963ED
VSTbJz7u,Nov 01 2019,Dec 15 2020,0,0,1,0,0,0,0,0,0,#EBBCFB
DkdFsj9c3wp,Apr 06 2020,Nov 11 2025,0,0,1,0,0,0,0,0,0,#FB6B8C
c4RxPq,Nov 02 2015,Jun 26 2021,0,9,1,0,0,0,0,0,1,#4F549F
rqyu3h2RAX6E,Dec 31 2015,Jun 20 2020,0,0,1,0,0,0,0,0,0,#479509
mUGI3T6N,Jul 10 2020,May 06 2024,0,6,1,0,0,0,0,0,0,#3509B5
g3MKLgHt,Jul 08 2024,Oct 12 2025,0,12,1,0,0,0,0,0,0,#EF5A3F
TtZSG78jce,Nov 21 2019,Sep 05 2025,0,25,1,0,0,0,0,0,0,#0C5E80
CxubnyP6VNg,Dec 20 2020,Mar 20 2023,0,0,1,0,0,0,0,0,0,#78AED5
9SyTFwi,Apr 26 2020,Jan 05 2025,0,0,1,0,0,0,0,0,0,#5EEB51
QFkUYJdVB,Dec 07 2019,Mar 26 2025,0,3,1,0,0,0,0,0,0,#0CD5C2
Dcpxe1Y,Jun 03 2012,Sep 09 2023,0,0,1,0,0,0,0,0,0,#16B48A
aaFSVfi,Nov 24 2022,Jun 26 2023,0,8,1,0,0,0,0,0,0,#A2BA2F
Ylhq6gbU,Jun 14 2020,Apr 13 2024,0,0,1,0,0,0,0,0,0,#971227
AkLYUZ6SmHRE,Nov 26 2013,Jun 19 2021,0,0,1,1,0,0,0,0,0,#FE13F7
72enWvj,Oct 07 2020,Jul 08 2023,0,69,1,0,0,0,0,0,0,#C2850C
3TAcoB5qNsN,Mar 29 2014,Feb 01 2020,0,8,1,0,0,0,0,0,0,#1772BD
ZOovhK,Jan 21 2014,Jun 26 2020,0,0,2,0,0,0,0,0,0,#0335C4
Y5iMRjFOdA,Jun 27 2022,Jan 15 2024,1,3,1,1,0,1,0,0,0,#DBED9D
FdSjDSLLBk,Dec 13 2021,Jun 22 2024,0,5,1,0,0,0,0,0,0,#3A0CD2
Ikp1QD,Apr 22 2021,Dec 22 2024,0,11,1,0,0,0,0,0,0,#9F4679
PkSdMj,Aug 12 2013,Jun 29 2023,0,0,1,0,0,0,0,0,0,#0492C7
eHr6BIUJt,Jul 07 2018,Oct 01 2019,0,0,1,0,0,0,0,0,0,#1FDCC6
UIfFQsjJu,Aug 16 2016,Sep 27 2022,0,9,1,0,0,0,0,0,0,#A9D676
UvdiKLg,Sep 08 2020,Feb 04 2024,0,0,1,0,0,0,0,0,0,#191C06
MynHdf,Mar 03 2020,Aug 09 2022,1,2,1,0,0,0,0,0,0,#2A6526
CndO2gp4,Apr 01 2021,Jul 20 2023,0,0,1,0,0,0,0,0,0,#63D751
3UcMjD,Feb 09 2020,Mar 31 2024,0,1,1,0,0,0,0,0,0,#611B18
Y1BtjLEJPy,Sep 18 2019,Jun 13 2025,0,4,1,0,0,0,0,0,0,#3BABE2
uPG6FPMnI1t,Apr 30 2012,Oct 07 2024,0,3,1,0,0,0,0,0,0,#6D32C1
doEKiYb0,Jan 01 2021,Nov 28 2021,0,7,1,0,0,1,0,0,0,#0BBA93
uEC4Ak1,Jun 28 2022,Oct 13 2022,0,8,1,0,0,0,0,0,0,#B49FA9
hAi1mcD5E,Jan 02 2016,Aug 23 2019,1,8,1,0,0,0,0,0,0,#F3F8D7
8gz142j,May 23 2021,Dec 28 2024,0,0,1,0,0,0,0,0,0,#C41454
B450xUuJnD8I,Dec 14 2019,Jul 18 2025,0,6,1,0,0,0,0,0,0,#0DBA2D
LHo0xm14JFf,Jan 06 2014,Dec 02 2023,1,12,1,0,1,0,0,0,0,#BD64AC
TFZnObRhrQL0,Jan 16 2022,Aug 31 2023,0,2,1,0,0,0,0,0,0,#D8327B
3JiyINPjC1I1,Sep 27 2020,Nov 17 2025,0,1,2,0,0,0,0,0,0,#223362
oiyPGwlm,Sep 15 2013,Apr 14 2025,0,5,3,1,0,0,0,0,0,#28CB2E
rZoANVov,Apr 07 2019,Sep 15 2024,0,9,1,0,0,0,0,0,0,#87339F
AO04LM,Jul 04 2021,Jul 17 2022,0,12,1,0,0,0,0,0,0,#385892
OXQwgyQMsdE4,Jul 28 2019,Mar 11 2020,0,0,1,0,1,1,0,0,0,#5F1271
E0rgEWsT6AlE,Sep 16 2013,Aug 27 2023,1,5,1,0,0,0,0,0,0,#EA635F
gzeeJSDolr1,Jul 23 2011,Jul 11 2021,0,0,1,0,0,0,0,0,0,#0C6575
PaFZAuHvtj,Sep 12 2013,Nov 12 2021,0,1,1,0,0,0,0,0,0,#B6C76E
TydXQw,Dec 14 2021,Mar 20 2023,1,0,1,0,0,1,0,0,0,#814941
jK9RAh,May 05 2019,Aug 13 2022,0,0,1,0,0,0,0,0,0,#F6FC26
Q0THbLGFP2,Oct 22 2021,Jun 25 2023,0,0,1,0,0,0,0,0,1,#9B2454
GCYtPN8EsHRu,Jan 28 2016,Jan 14 2022,0,24,1,0,0,0,0,0,0,#44DF35
NZW0m7B76Vz,Sep 06 2014,Jul 01 2021,0,7,1,0,0,0,0,0,0,#EBCD77
yHaFqNz,Jul 24 2011,May 09 2025,0,0,1,0,0,0,1,0,0,#37ADB1
SZv9NDxx,Nov 13 2014,Nov 29 2023,0,0,1,0,0,0,0,0,0,#79632D
ao3NEJtH,Oct 30 2025,Nov 09 2025,1,0,1,0,0,0,0,0,0,#83740E
8JAcSQiv,Sep 24 2013,Jul 13 2024,1,0,1,1,0,0,0,0,0,#323BCF
t1kICR7z9v,Apr 01 2013,Mar 15 2021,0,0,1,0,0,0,0,0,0,#50842B
R9Zc8iVr,May 04 2022,Nov 11 2023,0,19,1,0,0,0,0,0,0,#6A3314
ndvBBCL8jvCQ,Feb 01 2023,Feb 08 2025,0,9,1,0,0,0,0,0,0,#10071F
3rZZYtNWiXVr,Nov 06 2021,Sep 29 2022,0,8,1,0,0,0,0,0,0,#4CB5F0
hpRzPS,Sep 03 2023,Jun 02 2025,0,0,1,0,0,0,0,0,0,#84F344
hlZdAN5J,May 12 2016,May 27 2025,1,4,1,0,0,0,0,0,0,#8DFD6B
s1uPGFFuGc,Dec 28 2019,Jun 14 2025,0,0,1,0,0,0,0,0,0,#8B61BA
K9BmC28uL9j,Sep 14 2013,Sep 16 2020,0,0,1,0,0,0,0,0,0,#A6A8B5
AKs5of4Bh9a,Mar 22 2019,Dec 21 2020,0,2,1,0,0,0,0,0,0,#1C9D35
89xAmXUaX0,Jan 28 2023,Aug 31 2025,0,4,1,0,0,0,0,0,0,#6F7A3D
hjGSvLe,Jul 15 2017,Aug 22 2021,0,6,1,0,0,0,0,0,0,#4AFB7B
NnT0cIh,Jul 24 2012,Apr 30 2020,0,0,2,0,0,0,0,0,0,#6F4A90
suTN3XENnO,May 11 2012,Mar 12 2020,0,16,1,0,0,0,0,0,0,#A25AC7
MyHt34,Jun 11 2022,Sep 02 2023,0,51,1,0,0,0,0,0,0,#4F6199
3wgrvn4XAhx,Mar 12 2020,Jun 05 2023,0,6,1,0,0,0,0,0,0,#20E4FA
DzUBGpDb,Sep 25 2015,Aug 01 2020,0,10,1,0,0,0,0,0,0,#A418BF
h9JE4Cap4,May 31 2020,Mar 25 2023,1,0,1,0,0,0,0,0,0,#85CFF2
F2a2uIFz,Jul 27 2019,Dec 19 2019,0,0,1,0,0,0,0,0,0,#6EE5AB
W4TpQ7,Dec 11 2015,Dec 02 2020,0,20,1,0,0,0,0,0,1,#2D2230
wEwUy2782,Jul 01 2020,Oct 08 2022,0,2,1,0,0,0,0,0,0,#69130B
hjmLWAIIS,Jan 07 2016,Nov 17 2024,0,0,1,0,0,0,0,0,0,#B8A326
CxhrmLwZ,Oct 12 2014,Oct 20 2021,0,12,1,0,0,0,0,0,0,#8A0CA6
NcJwh79ChCT,Jul 16 2022,Mar 16 2025,0,2,1,0,0,0,0,0,0,#422669
7VuIbQxb,Apr 29 2024,Jun 20 2024,0,10,1,0,0,0,0,0,0,#766078
mHYVPZoouSMY,Oct 30 2017,Nov 16 2019,0,10,1,0,0,0,0,0,0,#5B705B
In66I146z,Jun 28 2022,Feb 24 2025,1,2,1,0,0,0,0,0,0,#D28D5E
ppq2C92oM2,Jan 17 2016,Sep 25 2019,0,0,1,0,0,0,0,0,0,#A9670D
Z2REuVhhYO,May 25 2019,Oct 26 2020,0,0,1,0,0,0,0,0,0,#6589F2
XRKsnPET,May 30 2014,May 10 2024,0,1,2,0,0,0,0,0,0,#29907D
nsrvhg9yqE,Sep 10 2019,Jan 20 2025,0,9,1,0,0,0,0,0,0,#8C3B87
xPc72SXcHzq,Dec 18 2016,Dec 08 2023,0,2,1,0,0,0,0,0,0,#1B9F5C
Od1Pi3lRr,Nov 01 2021,Feb 12 2025,0,7,1,1,0,0,0,0,0,#3F1761
Py2ll3qgd,Nov 30 2012,Jan 13 2024,0,5,1,0,0,0,0,0,0,#AA723D
bs20r0TaGN,Jan 18 2022,Apr 09 2024,1,0,2,0,0,0,0,0,0,#FFEC49
pjuDvj,Jul 31 2016,Nov 08 2020,0,0,1,0,0,0,0,0,0,#FCDDC5
hybIAly,Oct 26 2023,Feb 11 2024,0,0,1,0,0,0,0,0,0,#93CFCC
dxkxC4epB,Mar 09 2021,Dec 23 2023,0,13,1,0,0,0,0,0,0,#187E31
fY5mykQX,Nov 11 2014,Aug 15 2023,0,11,1,1,0,0,0,0,0,#F724F0
RmGaJYMW,Nov 27 2021,Jun 13 2023,0,6,1,0,0,0,0,0,0,#81693F
JixfQLoukY32,May 19 2012,Jul 10 2025,0,0,1,0,0,0,0,0,0,#6811C9
ln4pVv15r5z,Feb 13 2024,Jan 03 2025,1,8,1,0,0,0,0,0,0,#503840
I0kcw7q,Nov 04 2016,Sep 20 2024,0,0,1,0,0,0,0,0,0,#E5FD14
xg5gVc,May 03 2022,Nov 30 2024,0,0,1,0,0,0,0,0,0,#EA9A87
ajdTByPYGC,Jan 25 2019,Jan 22 2022,0,1,1,0,0,0,0,0,0,#751355
YIghXT9ODqgs,Mar 16 2021,Sep 17 2025,0,0,1,0,0,0,0,0,0,#65ABC4
ZH2YL11qFZ,Oct 17 2012,Oct 14 2020,0,0,1,0,0,0,0,0,0,#8008A3
E96TLGwDwU,May 16 2022,Sep 14 2024,0,9,1,0,0,0,0,0,0,#E20670
ZHR3LcrWa,Dec 07 2013,Apr 10 2022,0,67,1,1,0,0,0,1,0,#D32448
zER7OLJ45F,Oct 11 2011,Sep 25 2019,0,0,1,0,0,0,0,0,0,#744E4B
k0prKJrkF,Jun 18 2019,Oct 25 2020,0,4,1,0,0,0,0,0,0,#C91CB4
wi1rj5,Jan 06 2012,Nov 12 2022,0,0,1,0,0,0,0,0,0,#2315D7
hmTYucGuPhf,Jul 19 2020,Aug 06 2020,0,7,2,0,0,1,0,0,0,#794683
uWLT9YVXkkx,Oct 19 2022,Nov 06 2025,0,4,1,0,0,0,0,0,0,#34EE74
namOTK,Apr 11 2015,May 26 2020,0,0,1,1,0,0,0,0,0,#00CB8E
KzU4y1p,Dec 03 2012,Jul 17 2024,0,4,1,0,0,0,0,0,0,#122176
usqd6P,Jun 17 2019,Aug 21 2019,0,0,1,1,0,0,0,0,0,#068860
fAw2aqkbLXuT,Apr 28 2017,Dec 28 2021,0,20,1,0,0,0,0,0,0,#E76265
PjTgtJtk,May 28 2016,Dec 02 2024,0,0,1,0,0,0,0,0,0,#D3391C
WKRYbAY,Jan 08 2012,Jan 23 2023,0,3,1,1,0,0,0,0,0,#1213A1
VFDMsiYVm,Mar 27 2012,Jun 22 2022,0,8,1,0,0,0,0,0,0,#7D2BB4
qTNAcL50p,Sep 29 2019,Jan 30 2022,1,9,1,0,0,0,0,0,0,#7A9A54
959Y5Gq8KuSb,Dec 06 2013,Jan 30 2025,0,0,1,0,0,0,0,0,0,#CA5370
gCSkaUJeukl,Feb 18 2015,Mar 07 2022,0,0,1,0,0,0,0,0,0,#67A093
HJ2ygeYpfv,May 18 2016,May 30 2025,0,2,1,1,0,0,0,0,0,#63D601
s5faInv,Aug 28 2024,Oct 08 2025,0,28,1,0,0,0,0,0,0,#BD7474
XFl9H9e0KEg,Oct 12 2019,Aug 13 2025,0,0,1,0,0,0,0,0,0,#E1FB01
AMn7cSoyMmBZ,Nov 24 2016,Oct 14 2021,0,9,1,0,0,0,0,0,0,#65152D
Z9n4DB,Aug 28 2019,Jan 24 2024,0,10,1,0,0,0,0,0,0,#2B7E1C
4oQX0Dwx,Nov 02 2016,Apr 01 2021,0,10,1,0,0,0,0,0,0,#85A60B
Rq2ypXp,Sep 12 2018,Feb 10 2021,0,10,1,0,0,0,0,0,0,#CE1C02
xmjsDbmyE,Jun 18 2020,Dec 08 2024,0,0,1,0,0,0,0,0,0,#13A816
sxkrKLNECMI,Oct 25 2012,Nov 27 2022,0,28,1,0,0,0,0,0,1,#CBC059
edJBIz3b3EnB,May 29 2012,Aug 07 2022,0,0,1,1,0,0,0,0,0,#B5AB2C
xzdklArq,Jul 05 2014,Jun 23 2022,0,12,1,0,0,0,0,0,0,#BAA3F7
Yq3IYXOB4jF,Nov 30 2013,May 29 2024,0,0,1,0,0,1,0,0,0,#C623F1
B7pVqF,Jun 04 2021,Jun 13 2024,0,6,1,0,0,1,0,0,0,#441DF9
HkYLLDipWlyJ,Oct 18 2019,Mar 16 2025,0,3,1,0,0,0,0,0,0,#8928FD
c8C6E1,Oct 31 2022,Feb 10 2025,0,0,1,0,0,1,0,0,0,#4F366F
KhyTYfTE8kb,Apr 29 2022,Feb 02 2024,0,2,3,1,0,1,0,0,0,#5D30AE
Rr2IYWbKka,Jul 30 2011,Jun 15 2025,0,24,1,0,0,0,0,0,0,#6F7B6D
yJjtMaZQqC,Mar 30 2016,Nov 13 2025,0,19,1,0,0,1,0,0,0,#A00591
UwYkZaD97FZ,Dec 07 2014,Apr 30 2021,0,1,1,0,0,0,0,0,0,#146318
GfduBXrf1xIC,Feb 05 2013,Jul 20 2024,0,0,1,0,0,0,0,0,0,#367C2E
XumjEfSvcG,May 11 2024,Jul 14 2024,0,1,1,0,0,0,0,0,0,#276E51
aKkDZGRasA,Jul 06 2018,Aug 03 2023,0,1,1,0,0,0,0,0,0,#8B75E8
prvstBC,Sep 25 2014,Jul 01 2019,0,3,1,0,0,0,0,0,0,#976038
qCwn17F,Apr 23 2017,Dec 21 2019,0,0,1,0,0,0,0,0,0,#ABA3A6
19OoWb3U,Sep 25 2016,Mar 13 2024,0,7,1,0,0,0,0,0,0,#A7441E
vXEWOGgZtC,Jul 20 2021,Jun 26 2024,0,5,1,0,0,0,0,0,0,#BF5D61
cXNW5elyCy,Oct 10 2022,Sep 06 2025,0,5,1,0,0,0,0,0,0,#8C2F98
N9WX4Yqq3xZ,Nov 14 2013,Apr 04 2023,0,3,1,0,0,0,0,0,0,#A548BE
Z3XUDq,Mar 18 2018,Dec 28 2020,0,1,2,0,0,0,0,0,0,#E66442
D89DWStPHr,Oct 27 2017,Feb 05 2020,0,1,1,0,0,0,0,0,0,#862F0D
xzujF0r,Nov 24 2020,Mar 19 2022,0,7,1,0,0,0,0,0,0,#8FFBBC
JRaFiEGmJk,May 05 2020,Feb 24 2021,1,12,1,0,0,1,0,0,0,#BC1E5C
ySPe3cCv,Aug 14 2017,Jan 28 2021,0,5,1,0,0,0,0,1,0,#B15BC4
iiioAA,Feb 24 2020,Oct 09 2025,0,12,1,0,0,0,0,0,0,#8C93C3
3ibHrU7cI3s,May 02 2012,May 02 2022,0,48,1,0,0,0,0,0,0,#2861AF
wiOiO1x,Jan 11 2019,Jan 10 2020,0,0,1,0,0,0,0,0,0,#57E573
YgzIZJz4Y,Aug 06 2021,Mar 04 2024,0,0,1,0,0,0,0,0,0,#4B130D
xSo9TSc4j2U,Jun 17 2015,Feb 16 2021,0,10,1,0,0,0,0,0,0,#8F09F6
j0rDTINJPt,Nov 11 2024,May 22 2025,0,7,1,0,0,0,0,0,0,#3CDF8B
3Q4TCpaU,May 09 2020,Dec 25 2025,0,25,1,0,0,0,0,0,0,#EA26AE
UQ62dpukmSJ,Nov 26 2019,Apr 28 2023,0,41,1,1,0,0,0,0,0,#5D6F26
lPtGeO,Apr 22 2017,May 31 2024,0,1,1,0,0,0,0,0,0,#976BF5
1rZRCEYLwFBp,Jul 24 2017,Sep 12 2025,0,0,1,1,0,0,0,0,0,#58A83F
oVTCfxPav,Jun 10 2024,Aug 15 2025,0,8,1,0,0,0,0,0,0,#D82BA5
AlXRhSBfHX5,Mar 05 2014,Oct 24 2021,0,18,1,0,0,0,0,0,0,#EDBA0F
kYZmiNLF,Apr 19 2018,Dec 15 2021,0,2,1,0,0,0,0,0,0,#53B4F9
gfBxWVEAG,Jul 18 2022,Oct 13 2022,0,0,1,0,0,0,0,0,0,#61727C
WoCL3EDMk,Jan 26 2016,Apr 18 2025,0,16,1,0,0,1,0,0,0,#D192E5
FsItPyJMswZ,Sep 14 2013,Oct 23 2025,0,0,1,0,0,0,0,0,0,#BB7D4A
qdoolaIsH,Jan 07 2023,Jun 16 2025,1,0,1,0,0,0,0,0,0,#684750
